[{"pk": 10, "model": "contenttypes.contenttype", "fields": {"model": "building", "name": "building", "app_label": "restaurants"}}, {"pk": 8, "model": "contenttypes.contenttype", "fields": {"model": "city", "name": "city", "app_label": "restaurants"}}, {"pk": 5, "model": "contenttypes.contenttype", "fields": {"model": "contenttype", "name": "content type", "app_label": "contenttypes"}}, {"pk": 2, "model": "contenttypes.contenttype", "fields": {"model": "group", "name": "group", "app_label": "auth"}}, {"pk": 16, "model": "contenttypes.contenttype", "fields": {"model": "location", "name": "location", "app_label": "restaurants"}}, {"pk": 11, "model": "contenttypes.contenttype", "fields": {"model": "location_name", "name": "location_ name", "app_label": "restaurants"}}, {"pk": 19, "model": "contenttypes.contenttype", "fields": {"model": "logentry", "name": "log entry", "app_label": "admin"}}, {"pk": 15, "model": "contenttypes.contenttype", "fields": {"model": "main_combo", "name": "main_ combo", "app_label": "restaurants"}}, {"pk": 4, "model": "contenttypes.contenttype", "fields": {"model": "message", "name": "message", "app_label": "auth"}}, {"pk": 1, "model": "contenttypes.contenttype", "fields": {"model": "permission", "name": "permission", "app_label": "auth"}}, {"pk": 18, "model": "contenttypes.contenttype", "fields": {"model": "restaurant", "name": "restaurant", "app_label": "restaurants"}}, {"pk": 17, "model": "contenttypes.contenttype", "fields": {"model": "restaurant_bio", "name": "restaurant_ bio", "app_label": "restaurants"}}, {"pk": 12, "model": "contenttypes.contenttype", "fields": {"model": "restaurant_name", "name": "restaurant_ name", "app_label": "restaurants"}}, {"pk": 13, "model": "contenttypes.contenttype", "fields": {"model": "restaurant_type", "name": "restaurant_ type", "app_label": "restaurants"}}, {"pk": 6, "model": "contenttypes.contenttype", "fields": {"model": "session", "name": "session", "app_label": "sessions"}}, {"pk": 7, "model": "contenttypes.contenttype", "fields": {"model": "site", "name": "site", "app_label": "sites"}}, {"pk": 9, "model": "contenttypes.contenttype", "fields": {"model": "state", "name": "state", "app_label": "restaurants"}}, {"pk": 14, "model": "contenttypes.contenttype", "fields": {"model": "style_of_food", "name": "style_ of_ food", "app_label": "restaurants"}}, {"pk": 3, "model": "contenttypes.contenttype", "fields": {"model": "user", "name": "user", "app_label": "auth"}}, {"pk": "4f8cf0d50fc109bf48e79640e777a572", "model": "sessions.session", "fields": {"expire_date": "2011-11-08 21:00:14", "session_data": "gAJ9cQEoVRJfYXV0aF91c2VyX2JhY2tlbmRxAlUpZGphbmdvLmNvbnRyaWIuYXV0aC5iYWNrZW5k\ncy5Nb2RlbEJhY2tlbmRxA1UNX2F1dGhfdXNlcl9pZHEESwF1LmU4MmVjODgwOGU5MDQ3YTNmNjc5\nN2RiZTQwYjA2NjUz\n"}}, {"pk": "ae780bba22807dd3bc956374a5d055d1", "model": "sessions.session", "fields": {"expire_date": "2011-11-29 20:38:52", "session_data": "gAJ9cQEoVRJfYXV0aF91c2VyX2JhY2tlbmRxAlUpZGphbmdvLmNvbnRyaWIuYXV0aC5iYWNrZW5k\ncy5Nb2RlbEJhY2tlbmRxA1UNX2F1dGhfdXNlcl9pZHEESwF1LmU4MmVjODgwOGU5MDQ3YTNmNjc5\nN2RiZTQwYjA2NjUz\n"}}, {"pk": "440cde18b95d69760fa51854f26f998a", "model": "sessions.session", "fields": {"expire_date": "2011-12-19 14:34:16", "session_data": "gAJ9cQEoVRJfYXV0aF91c2VyX2JhY2tlbmRxAlUpZGphbmdvLmNvbnRyaWIuYXV0aC5iYWNrZW5k\ncy5Nb2RlbEJhY2tlbmRxA1UNX2F1dGhfdXNlcl9pZHEESwF1LmU4MmVjODgwOGU5MDQ3YTNmNjc5\nN2RiZTQwYjA2NjUz\n"}}, {"pk": 1, "model": "sites.site", "fields": {"domain": "example.com", "name": "example.com"}}, {"pk": 1, "model": "restaurants.city", "fields": {"city": "Lincoln"}}, {"pk": 1, "model": "restaurants.state", "fields": {"state": "Nebraska"}}, {"pk": 2, "model": "restaurants.state", "fields": {"state": "Alabama"}}, {"pk": 3, "model": "restaurants.state", "fields": {"state": "Alaska"}}, {"pk": 4, "model": "restaurants.state", "fields": {"state": "Arizona"}}, {"pk": 5, "model": "restaurants.state", "fields": {"state": "Arkansas"}}, {"pk": 6, "model": "restaurants.state", "fields": {"state": "California"}}, {"pk": 7, "model": "restaurants.state", "fields": {"state": "Colorado"}}, {"pk": 8, "model": "restaurants.state", "fields": {"state": "Connecticut"}}, {"pk": 9, "model": "restaurants.state", "fields": {"state": "Delaware"}}, {"pk": 10, "model": "restaurants.state", "fields": {"state": "Florida"}}, {"pk": 11, "model": "restaurants.state", "fields": {"state": "Georgia"}}, {"pk": 12, "model": "restaurants.state", "fields": {"state": "Hawaii"}}, {"pk": 13, "model": "restaurants.state", "fields": {"state": "Idaho"}}, {"pk": 14, "model": "restaurants.state", "fields": {"state": "Illinois"}}, {"pk": 15, "model": "restaurants.state", "fields": {"state": "Indiana"}}, {"pk": 16, "model": "restaurants.state", "fields": {"state": "Iowa"}}, {"pk": 17, "model": "restaurants.state", "fields": {"state": "Kansas"}}, {"pk": 18, "model": "restaurants.state", "fields": {"state": "Kentucky"}}, {"pk": 19, "model": "restaurants.state", "fields": {"state": "Louisiana"}}, {"pk": 20, "model": "restaurants.state", "fields": {"state": "Maine"}}, {"pk": 21, "model": "restaurants.state", "fields": {"state": "Maryland"}}, {"pk": 22, "model": "restaurants.state", "fields": {"state": "Massachusetts"}}, {"pk": 23, "model": "restaurants.state", "fields": {"state": "Michigan"}}, {"pk": 24, "model": "restaurants.state", "fields": {"state": "Minnesota"}}, {"pk": 25, "model": "restaurants.state", "fields": {"state": "Mississippi"}}, {"pk": 26, "model": "restaurants.state", "fields": {"state": "Missouri"}}, {"pk": 27, "model": "restaurants.state", "fields": {"state": "Montana"}}, {"pk": 28, "model": "restaurants.state", "fields": {"state": "Nevada"}}, {"pk": 29, "model": "restaurants.state", "fields": {"state": "New Hampshire"}}, {"pk": 30, "model": "restaurants.state", "fields": {"state": "New Jersey"}}, {"pk": 31, "model": "restaurants.state", "fields": {"state": "New Mexico"}}, {"pk": 32, "model": "restaurants.state", "fields": {"state": "New York"}}, {"pk": 33, "model": "restaurants.state", "fields": {"state": "North Carolina"}}, {"pk": 34, "model": "restaurants.state", "fields": {"state": "North Dakota"}}, {"pk": 35, "model": "restaurants.state", "fields": {"state": "Ohio"}}, {"pk": 36, "model": "restaurants.state", "fields": {"state": "Oklahoma"}}, {"pk": 37, "model": "restaurants.state", "fields": {"state": "Oregon"}}, {"pk": 38, "model": "restaurants.state", "fields": {"state": "Pennsylvania"}}, {"pk": 39, "model": "restaurants.state", "fields": {"state": "Rhode Island"}}, {"pk": 40, "model": "restaurants.state", "fields": {"state": "South Carolina"}}, {"pk": 41, "model": "restaurants.state", "fields": {"state": "South Dakota"}}, {"pk": 42, "model": "restaurants.state", "fields": {"state": "Tennessee"}}, {"pk": 43, "model": "restaurants.state", "fields": {"state": "Texas"}}, {"pk": 44, "model": "restaurants.state", "fields": {"state": "Utah"}}, {"pk": 45, "model": "restaurants.state", "fields": {"state": "Vermont"}}, {"pk": 46, "model": "restaurants.state", "fields": {"state": "Virginia"}}, {"pk": 47, "model": "restaurants.state", "fields": {"state": "Washington"}}, {"pk": 48, "model": "restaurants.state", "fields": {"state": "West Virginia"}}, {"pk": 49, "model": "restaurants.state", "fields": {"state": "Wisconsin"}}, {"pk": 50, "model": "restaurants.state", "fields": {"state": "Wyoming"}}, {"pk": 1, "model": "restaurants.building", "fields": {"building": "UNL City Union"}}, {"pk": 2, "model": "restaurants.building", "fields": {"building": "N/A"}}, {"pk": 3, "model": "restaurants.building", "fields": {"building": "Westfield Gateway Mall"}}, {"pk": 4, "model": "restaurants.building", "fields": {"building": "Southpointe Pavillions"}}, {"pk": 1, "model": "restaurants.location_name", "fields": {"location_name": "UNL City Union"}}, {"pk": 2, "model": "restaurants.location_name", "fields": {"location_name": "N/A"}}, {"pk": 3, "model": "restaurants.location_name", "fields": {"location_name": "Ming's House"}}, {"pk": 4, "model": "restaurants.location_name", "fields": {"location_name": "Ramos Pizza & More"}}, {"pk": 5, "model": "restaurants.location_name", "fields": {"location_name": "27th and Vine"}}, {"pk": 6, "model": "restaurants.location_name", "fields": {"location_name": "48th and Vine"}}, {"pk": 7, "model": "restaurants.location_name", "fields": {"location_name": "Downtown Lincoln"}}, {"pk": 8, "model": "restaurants.location_name", "fields": {"location_name": "27th and Cornhusker"}}, {"pk": 9, "model": "restaurants.location_name", "fields": {"location_name": "Zhang's"}}, {"pk": 10, "model": "restaurants.location_name", "fields": {"location_name": "Westfield Gateway Mall"}}, {"pk": 11, "model": "restaurants.location_name", "fields": {"location_name": "Hu Hot Mongolian Grill"}}, {"pk": 12, "model": "restaurants.location_name", "fields": {"location_name": "Southpointe Pavillions"}}, {"pk": 13, "model": "restaurants.location_name", "fields": {"location_name": "Dairy Queen"}}, {"pk": 14, "model": "restaurants.location_name", "fields": {"location_name": "Juice Stop"}}, {"pk": 15, "model": "restaurants.location_name", "fields": {"location_name": "Lincoln Espresso"}}, {"pk": 16, "model": "restaurants.location_name", "fields": {"location_name": "Starbucks"}}, {"pk": 17, "model": "restaurants.location_name", "fields": {"location_name": "Mazatlan Mexican Restaurant"}}, {"pk": 18, "model": "restaurants.location_name", "fields": {"location_name": "D'Leon's Mexican Food"}}, {"pk": 19, "model": "restaurants.location_name", "fields": {"location_name": "Taco Inn"}}, {"pk": 20, "model": "restaurants.location_name", "fields": {"location_name": "Taco John's"}}, {"pk": 21, "model": "restaurants.location_name", "fields": {"location_name": "Valentino's Pizza"}}, {"pk": 22, "model": "restaurants.location_name", "fields": {"location_name": "Papa John's Pizza"}}, {"pk": 23, "model": "restaurants.location_name", "fields": {"location_name": "Little Caesar's Pizza"}}, {"pk": 24, "model": "restaurants.location_name", "fields": {"location_name": "Burger King"}}, {"pk": 25, "model": "restaurants.location_name", "fields": {"location_name": "Wendy's"}}, {"pk": 26, "model": "restaurants.location_name", "fields": {"location_name": "McDonald's"}}, {"pk": 27, "model": "restaurants.location_name", "fields": {"location_name": "Five Guys Burgers and Fries"}}, {"pk": 1, "model": "restaurants.restaurant_name", "fields": {"restaurant_name": "Runza"}}, {"pk": 2, "model": "restaurants.restaurant_name", "fields": {"restaurant_name": "Ming's House"}}, {"pk": 3, "model": "restaurants.restaurant_name", "fields": {"restaurant_name": "McDonald's"}}, {"pk": 4, "model": "restaurants.restaurant_name", "fields": {"restaurant_name": "Five Guys Burgers and Fries"}}, {"pk": 5, "model": "restaurants.restaurant_name", "fields": {"restaurant_name": "Wendy's"}}, {"pk": 6, "model": "restaurants.restaurant_name", "fields": {"restaurant_name": "Burger King"}}, {"pk": 7, "model": "restaurants.restaurant_name", "fields": {"restaurant_name": "Little Caesar's Pizza"}}, {"pk": 8, "model": "restaurants.restaurant_name", "fields": {"restaurant_name": "Papa John's Pizza"}}, {"pk": 9, "model": "restaurants.restaurant_name", "fields": {"restaurant_name": "Ramos Pizza & More"}}, {"pk": 10, "model": "restaurants.restaurant_name", "fields": {"restaurant_name": "Valentino's Pizza"}}, {"pk": 11, "model": "restaurants.restaurant_name", "fields": {"restaurant_name": "Fazoli's"}}, {"pk": 12, "model": "restaurants.restaurant_name", "fields": {"restaurant_name": "Taco Bell"}}, {"pk": 13, "model": "restaurants.restaurant_name", "fields": {"restaurant_name": "Taco John's"}}, {"pk": 14, "model": "restaurants.restaurant_name", "fields": {"restaurant_name": "Taco Inn"}}, {"pk": 15, "model": "restaurants.restaurant_name", "fields": {"restaurant_name": "D'Leon's"}}, {"pk": 16, "model": "restaurants.restaurant_name", "fields": {"restaurant_name": "Mazatlan Mexican Restaurant"}}, {"pk": 17, "model": "restaurants.restaurant_name", "fields": {"restaurant_name": "Starbucks"}}, {"pk": 18, "model": "restaurants.restaurant_name", "fields": {"restaurant_name": "Lincoln Espresso"}}, {"pk": 19, "model": "restaurants.restaurant_name", "fields": {"restaurant_name": "Juice Stop"}}, {"pk": 20, "model": "restaurants.restaurant_name", "fields": {"restaurant_name": "Dairy Queen"}}, {"pk": 21, "model": "restaurants.restaurant_name", "fields": {"restaurant_name": "Coldstone Creamery"}}, {"pk": 22, "model": "restaurants.restaurant_name", "fields": {"restaurant_name": "China Inn"}}, {"pk": 23, "model": "restaurants.restaurant_name", "fields": {"restaurant_name": "Hu Hot Mongolian Grill"}}, {"pk": 24, "model": "restaurants.restaurant_name", "fields": {"restaurant_name": "Zhang's"}}, {"pk": 25, "model": "restaurants.restaurant_name", "fields": {"restaurant_name": "Panda Express"}}, {"pk": 1, "model": "restaurants.restaurant_type", "fields": {"restaurant_type": "Fast Food"}}, {"pk": 2, "model": "restaurants.restaurant_type", "fields": {"restaurant_type": "N/A"}}, {"pk": 3, "model": "restaurants.restaurant_type", "fields": {"restaurant_type": "Carry-Out/Dine-In"}}, {"pk": 5, "model": "restaurants.restaurant_type", "fields": {"restaurant_type": "Buffet"}}, {"pk": 1, "model": "restaurants.style_of_food", "fields": {"style_of_food": "Burgers and Fries"}}, {"pk": 2, "model": "restaurants.style_of_food", "fields": {"style_of_food": "N/A"}}, {"pk": 3, "model": "restaurants.style_of_food", "fields": {"style_of_food": "Oriental"}}, {"pk": 4, "model": "restaurants.style_of_food", "fields": {"style_of_food": "Mexican"}}, {"pk": 5, "model": "restaurants.style_of_food", "fields": {"style_of_food": "Soft Drinks"}}, {"pk": 6, "model": "restaurants.style_of_food", "fields": {"style_of_food": "Italian"}}, {"pk": 1, "model": "restaurants.main_combo", "fields": {"main_combo": "Original Runza"}}, {"pk": 2, "model": "restaurants.main_combo", "fields": {"main_combo": "N/A"}}, {"pk": 3, "model": "restaurants.main_combo", "fields": {"main_combo": "Big Mac"}}, {"pk": 4, "model": "restaurants.main_combo", "fields": {"main_combo": "Whopper"}}, {"pk": 5, "model": "restaurants.main_combo", "fields": {"main_combo": "Two Tacos and a Drink"}}, {"pk": 6, "model": "restaurants.main_combo", "fields": {"main_combo": "Two Tacos, Potato Oles and a Drink"}}, {"pk": 7, "model": "restaurants.main_combo", "fields": {"main_combo": "Large Pizza"}}, {"pk": 8, "model": "restaurants.main_combo", "fields": {"main_combo": "Two Entree Plate"}}, {"pk": 9, "model": "restaurants.main_combo", "fields": {"main_combo": "Spaghetti with Meat Sauce"}}, {"pk": 10, "model": "restaurants.main_combo", "fields": {"main_combo": "Quarter Pound Single"}}, {"pk": 1, "model": "restaurants.location", "fields": {"building": 1, "city": 1, "location_name": 1, "point": "", "state": 1, "address": "1400 R St # 200", "intersection": "14th and R Streets"}}, {"pk": 2, "model": "restaurants.location", "fields": {"building": 2, "city": 1, "location_name": 3, "point": "", "state": 1, "address": "1409 N Cotner Blvd # 103", "intersection": "Cotner Blvd & Holdredge St"}}, {"pk": 3, "model": "restaurants.location", "fields": {"building": 3, "city": 1, "location_name": 10, "point": "", "state": 1, "address": "6100 East O Street", "intersection": "61st and O streets"}}, {"pk": 4, "model": "restaurants.location", "fields": {"building": 2, "city": 1, "location_name": 9, "point": "", "state": 1, "address": "1550 South Coddington Avenue # H", "intersection": "South Coddington Avenue and West A Street"}}, {"pk": 5, "model": "restaurants.location", "fields": {"building": 2, "city": 1, "location_name": 11, "point": "", "state": 1, "address": "201 North 66th St.", "intersection": "66th and O streets, by Westfield Gateway Mall"}}, {"pk": 6, "model": "restaurants.location", "fields": {"building": 2, "city": 1, "location_name": 8, "point": "", "state": 1, "address": "", "intersection": "27th Street and Cornhusker Highway"}}, {"pk": 7, "model": "restaurants.location", "fields": {"building": 4, "city": 1, "location_name": 12, "point": "", "state": 1, "address": "3010 Pine Lake Road", "intersection": "27th Street and Pine Lake Road"}}, {"pk": 8, "model": "restaurants.location", "fields": {"building": 2, "city": 1, "location_name": 13, "point": "", "state": 1, "address": "760 West O Street", "intersection": "N Roundhouse Drive and West O"}}, {"pk": 9, "model": "restaurants.location", "fields": {"building": 2, "city": 1, "location_name": 14, "point": "", "state": 1, "address": "1217 Q St # B", "intersection": "12th and Q Streets"}}, {"pk": 10, "model": "restaurants.location", "fields": {"building": 2, "city": 1, "location_name": 15, "point": "", "state": 1, "address": "112 South 16th Street", "intersection": "16th and O streets"}}, {"pk": 11, "model": "restaurants.location", "fields": {"building": 2, "city": 1, "location_name": 16, "point": "", "state": 1, "address": "1201 P Street", "intersection": "12th and P streets"}}, {"pk": 12, "model": "restaurants.location", "fields": {"building": 2, "city": 1, "location_name": 17, "point": "", "state": 1, "address": "211 N 70th St", "intersection": "70th and O streets"}}, {"pk": 13, "model": "restaurants.location", "fields": {"building": 2, "city": 1, "location_name": 18, "point": "", "state": 1, "address": "2140 West O Street", "intersection": "Homestead Expressway and West O Street"}}, {"pk": 14, "model": "restaurants.location", "fields": {"building": 2, "city": 1, "location_name": 19, "point": "", "state": 1, "address": "2509 North 11th Street", "intersection": "N 11th Street and Cornhusker Highway"}}, {"pk": 15, "model": "restaurants.location", "fields": {"building": 2, "city": 1, "location_name": 21, "point": "", "state": 1, "address": "2711 South 48th Street", "intersection": "S 48th and Van Dorn streets"}}, {"pk": 16, "model": "restaurants.location", "fields": {"building": 2, "city": 1, "location_name": 4, "point": "", "state": 1, "address": "32nd and Superior Streets", "intersection": "32nd and Superior Streets"}}, {"pk": 17, "model": "restaurants.location", "fields": {"building": 2, "city": 1, "location_name": 22, "point": "", "state": 1, "address": "1601 Q Street", "intersection": "16th and Q streets"}}, {"pk": 18, "model": "restaurants.location", "fields": {"building": 2, "city": 1, "location_name": 23, "point": "", "state": 1, "address": "965 S 27th St # A", "intersection": "North of 27th Street and Capitol Parkway"}}, {"pk": 19, "model": "restaurants.location", "fields": {"building": 2, "city": 1, "location_name": 24, "point": "", "state": 1, "address": "2504 O Street", "intersection": "25th and O streets"}}, {"pk": 20, "model": "restaurants.location", "fields": {"building": 2, "city": 1, "location_name": 25, "point": "", "state": 1, "address": "1336 W Q St", "intersection": "14th and Q streets"}}, {"pk": 21, "model": "restaurants.location", "fields": {"building": 2, "city": 1, "location_name": 26, "point": "", "state": 1, "address": "875 North 27th Street", "intersection": "27th and Vine streets"}}, {"pk": 22, "model": "restaurants.location", "fields": {"building": 2, "city": 1, "location_name": 27, "point": "", "state": 1, "address": "1230 P St", "intersection": "13th and P streets"}}, {"pk": 23, "model": "restaurants.location", "fields": {"building": 2, "city": 1, "location_name": 6, "point": "", "state": 1, "address": "", "intersection": "48th and O streets"}}, {"pk": 1, "model": "restaurants.restaurant_bio", "fields": {"style_of_food": 1, "price_of_number_one_combo": "$4.99", "restaurant_name": 1, "main_combo": 1, "restaurant_type": 1, "grams_of_fat_of_number_one_combo": 30, "dollar_menu": true, "local": false}}, {"pk": 2, "model": "restaurants.restaurant_bio", "fields": {"style_of_food": 3, "price_of_number_one_combo": "Under $7", "restaurant_name": 2, "main_combo": 2, "restaurant_type": 3, "grams_of_fat_of_number_one_combo": 0, "dollar_menu": false, "local": true}}, {"pk": 3, "model": "restaurants.restaurant_bio", "fields": {"style_of_food": 3, "price_of_number_one_combo": "$7.50", "restaurant_name": 25, "main_combo": 8, "restaurant_type": 1, "grams_of_fat_of_number_one_combo": 500, "dollar_menu": false, "local": false}}, {"pk": 4, "model": "restaurants.restaurant_bio", "fields": {"style_of_food": 3, "price_of_number_one_combo": "", "restaurant_name": 24, "main_combo": 2, "restaurant_type": 3, "grams_of_fat_of_number_one_combo": 0, "dollar_menu": false, "local": true}}, {"pk": 5, "model": "restaurants.restaurant_bio", "fields": {"style_of_food": 3, "price_of_number_one_combo": "", "restaurant_name": 23, "main_combo": 2, "restaurant_type": 5, "grams_of_fat_of_number_one_combo": 0, "dollar_menu": false, "local": false}}, {"pk": 6, "model": "restaurants.restaurant_bio", "fields": {"style_of_food": 3, "price_of_number_one_combo": "", "restaurant_name": 22, "main_combo": 2, "restaurant_type": 3, "grams_of_fat_of_number_one_combo": 0, "dollar_menu": false, "local": true}}, {"pk": 7, "model": "restaurants.restaurant_bio", "fields": {"style_of_food": 5, "price_of_number_one_combo": "", "restaurant_name": 21, "main_combo": 2, "restaurant_type": 3, "grams_of_fat_of_number_one_combo": 0, "dollar_menu": false, "local": false}}, {"pk": 8, "model": "restaurants.restaurant_bio", "fields": {"style_of_food": 5, "price_of_number_one_combo": "", "restaurant_name": 20, "main_combo": 2, "restaurant_type": 1, "grams_of_fat_of_number_one_combo": 0, "dollar_menu": false, "local": false}}, {"pk": 9, "model": "restaurants.restaurant_bio", "fields": {"style_of_food": 5, "price_of_number_one_combo": "", "restaurant_name": 19, "main_combo": 2, "restaurant_type": 3, "grams_of_fat_of_number_one_combo": 0, "dollar_menu": false, "local": false}}, {"pk": 10, "model": "restaurants.restaurant_bio", "fields": {"style_of_food": 5, "price_of_number_one_combo": "", "restaurant_name": 18, "main_combo": 2, "restaurant_type": 1, "grams_of_fat_of_number_one_combo": 0, "dollar_menu": false, "local": true}}, {"pk": 11, "model": "restaurants.restaurant_bio", "fields": {"style_of_food": 5, "price_of_number_one_combo": "", "restaurant_name": 17, "main_combo": 2, "restaurant_type": 1, "grams_of_fat_of_number_one_combo": 0, "dollar_menu": false, "local": false}}, {"pk": 12, "model": "restaurants.restaurant_bio", "fields": {"style_of_food": 4, "price_of_number_one_combo": "", "restaurant_name": 16, "main_combo": 2, "restaurant_type": 3, "grams_of_fat_of_number_one_combo": 0, "dollar_menu": false, "local": true}}, {"pk": 13, "model": "restaurants.restaurant_bio", "fields": {"style_of_food": 4, "price_of_number_one_combo": "", "restaurant_name": 15, "main_combo": 2, "restaurant_type": 1, "grams_of_fat_of_number_one_combo": 0, "dollar_menu": false, "local": true}}, {"pk": 14, "model": "restaurants.restaurant_bio", "fields": {"style_of_food": 4, "price_of_number_one_combo": "", "restaurant_name": 14, "main_combo": 2, "restaurant_type": 1, "grams_of_fat_of_number_one_combo": 0, "dollar_menu": true, "local": true}}, {"pk": 15, "model": "restaurants.restaurant_bio", "fields": {"style_of_food": 4, "price_of_number_one_combo": "$4.99", "restaurant_name": 13, "main_combo": 6, "restaurant_type": 1, "grams_of_fat_of_number_one_combo": 820, "dollar_menu": true, "local": false}}, {"pk": 16, "model": "restaurants.restaurant_bio", "fields": {"style_of_food": 4, "price_of_number_one_combo": "$3.49", "restaurant_name": 12, "main_combo": 5, "restaurant_type": 1, "grams_of_fat_of_number_one_combo": 450, "dollar_menu": true, "local": false}}, {"pk": 17, "model": "restaurants.restaurant_bio", "fields": {"style_of_food": 6, "price_of_number_one_combo": "7.48", "restaurant_name": 11, "main_combo": 9, "restaurant_type": 1, "grams_of_fat_of_number_one_combo": 650, "dollar_menu": true, "local": false}}, {"pk": 18, "model": "restaurants.restaurant_bio", "fields": {"style_of_food": 6, "price_of_number_one_combo": "", "restaurant_name": 10, "main_combo": 7, "restaurant_type": 3, "grams_of_fat_of_number_one_combo": 0, "dollar_menu": false, "local": true}}, {"pk": 19, "model": "restaurants.restaurant_bio", "fields": {"style_of_food": 6, "price_of_number_one_combo": "", "restaurant_name": 9, "main_combo": 7, "restaurant_type": 3, "grams_of_fat_of_number_one_combo": 0, "dollar_menu": false, "local": true}}, {"pk": 20, "model": "restaurants.restaurant_bio", "fields": {"style_of_food": 6, "price_of_number_one_combo": "", "restaurant_name": 8, "main_combo": 7, "restaurant_type": 3, "grams_of_fat_of_number_one_combo": 0, "dollar_menu": false, "local": false}}, {"pk": 21, "model": "restaurants.restaurant_bio", "fields": {"style_of_food": 6, "price_of_number_one_combo": "5.55", "restaurant_name": 7, "main_combo": 7, "restaurant_type": 3, "grams_of_fat_of_number_one_combo": 0, "dollar_menu": false, "local": false}}, {"pk": 22, "model": "restaurants.restaurant_bio", "fields": {"style_of_food": 1, "price_of_number_one_combo": "4.99", "restaurant_name": 6, "main_combo": 4, "restaurant_type": 1, "grams_of_fat_of_number_one_combo": 800, "dollar_menu": true, "local": false}}, {"pk": 23, "model": "restaurants.restaurant_bio", "fields": {"style_of_food": 1, "price_of_number_one_combo": "4.99", "restaurant_name": 5, "main_combo": 10, "restaurant_type": 1, "grams_of_fat_of_number_one_combo": 843, "dollar_menu": true, "local": false}}, {"pk": 24, "model": "restaurants.restaurant_bio", "fields": {"style_of_food": 1, "price_of_number_one_combo": "", "restaurant_name": 4, "main_combo": 2, "restaurant_type": 3, "grams_of_fat_of_number_one_combo": 0, "dollar_menu": false, "local": false}}, {"pk": 25, "model": "restaurants.restaurant_bio", "fields": {"style_of_food": 1, "price_of_number_one_combo": "4.99", "restaurant_name": 3, "main_combo": 3, "restaurant_type": 1, "grams_of_fat_of_number_one_combo": 850, "dollar_menu": true, "local": false}}, {"pk": 1, "model": "restaurants.restaurant", "fields": {"phone_number": "(402) 438-1400", "restaurant_bio": 1, "drive_thru": false, "notes": "They serve rats in their chili.", "delivery": false, "location": 1, "closing_time": "6 p.m."}}, {"pk": 2, "model": "restaurants.restaurant", "fields": {"phone_number": "402-466-3688", "restaurant_bio": 2, "drive_thru": false, "notes": "Have the little girl ring you up on the register, she's so cute!", "delivery": false, "location": 2, "closing_time": "10 p.m., 9 p.m. on Sundays"}}, {"pk": 3, "model": "restaurants.restaurant", "fields": {"phone_number": "(402) 466-5212", "restaurant_bio": 3, "drive_thru": false, "notes": "", "delivery": false, "location": 3, "closing_time": "9 p.m., 6 p.m. on Sundays"}}, {"pk": 4, "model": "restaurants.restaurant", "fields": {"phone_number": "(402) 435-1833", "restaurant_bio": 4, "drive_thru": false, "notes": "", "delivery": true, "location": 4, "closing_time": "9 p.m., 6 p.m. on Sundays"}}, {"pk": 5, "model": "restaurants.restaurant", "fields": {"phone_number": "(402) 464-1100", "restaurant_bio": 5, "drive_thru": false, "notes": "", "delivery": false, "location": 5, "closing_time": "9 p.m."}}, {"pk": 6, "model": "restaurants.restaurant", "fields": {"phone_number": "(402) 466-8242", "restaurant_bio": 6, "drive_thru": false, "notes": "", "delivery": true, "location": 6, "closing_time": "10 p.m., 9 p.m. on Sundays"}}, {"pk": 7, "model": "restaurants.restaurant", "fields": {"phone_number": "(402) 420-2999", "restaurant_bio": 7, "drive_thru": false, "notes": "", "delivery": false, "location": 7, "closing_time": "9 p.m., 6 p.m. on Sundays"}}, {"pk": 8, "model": "restaurants.restaurant", "fields": {"phone_number": "(402) 475-3406", "restaurant_bio": 8, "drive_thru": true, "notes": "", "delivery": false, "location": 8, "closing_time": "9 p.m., 6 p.m. on Sundays"}}, {"pk": 9, "model": "restaurants.restaurant", "fields": {"phone_number": "(402) 435-4442", "restaurant_bio": 9, "drive_thru": false, "notes": "", "delivery": false, "location": 9, "closing_time": "9 p.m., 6 p.m. on Sundays"}}, {"pk": 10, "model": "restaurants.restaurant", "fields": {"phone_number": "(402) 438-0650", "restaurant_bio": 10, "drive_thru": true, "notes": "", "delivery": false, "location": 10, "closing_time": "10 p.m., 9 p.m. on Sundays"}}, {"pk": 11, "model": "restaurants.restaurant", "fields": {"phone_number": "(402) 435-2622", "restaurant_bio": 11, "drive_thru": false, "notes": "", "delivery": false, "location": 11, "closing_time": ""}}, {"pk": 12, "model": "restaurants.restaurant", "fields": {"phone_number": "(402) 464-7201", "restaurant_bio": 12, "drive_thru": false, "notes": "", "delivery": false, "location": 12, "closing_time": ""}}, {"pk": 13, "model": "restaurants.restaurant", "fields": {"phone_number": "(402) 438-7100", "restaurant_bio": 13, "drive_thru": true, "notes": "", "delivery": false, "location": 13, "closing_time": "24 Hours"}}, {"pk": 14, "model": "restaurants.restaurant", "fields": {"phone_number": "", "restaurant_bio": 14, "drive_thru": true, "notes": "", "delivery": false, "location": 14, "closing_time": ""}}, {"pk": 15, "model": "restaurants.restaurant", "fields": {"phone_number": "", "restaurant_bio": 15, "drive_thru": true, "notes": "", "delivery": false, "location": 6, "closing_time": ""}}, {"pk": 16, "model": "restaurants.restaurant", "fields": {"phone_number": "", "restaurant_bio": 16, "drive_thru": true, "notes": "", "delivery": false, "location": 6, "closing_time": "2 a.m. most nights"}}, {"pk": 17, "model": "restaurants.restaurant", "fields": {"phone_number": "", "restaurant_bio": 17, "drive_thru": true, "notes": "", "delivery": false, "location": 23, "closing_time": ""}}, {"pk": 18, "model": "restaurants.restaurant", "fields": {"phone_number": "(402) 486-4200", "restaurant_bio": 18, "drive_thru": false, "notes": "", "delivery": true, "location": 15, "closing_time": ""}}, {"pk": 19, "model": "restaurants.restaurant", "fields": {"phone_number": "(402) 435-6363", "restaurant_bio": 19, "drive_thru": false, "notes": "", "delivery": true, "location": 16, "closing_time": ""}}, {"pk": 20, "model": "restaurants.restaurant", "fields": {"phone_number": "(402) 476-6262", "restaurant_bio": 20, "drive_thru": false, "notes": "", "delivery": true, "location": 17, "closing_time": ""}}, {"pk": 21, "model": "restaurants.restaurant", "fields": {"phone_number": "(402) 477-7222", "restaurant_bio": 21, "drive_thru": false, "notes": "", "delivery": false, "location": 18, "closing_time": ""}}, {"pk": 22, "model": "restaurants.restaurant", "fields": {"phone_number": "(402) 476-3050", "restaurant_bio": 22, "drive_thru": true, "notes": "", "delivery": false, "location": 19, "closing_time": "Midnight or later"}}, {"pk": 23, "model": "restaurants.restaurant", "fields": {"phone_number": "(402) 474-2322", "restaurant_bio": 23, "drive_thru": true, "notes": "", "delivery": false, "location": 20, "closing_time": "11 p.m. or later"}}, {"pk": 24, "model": "restaurants.restaurant", "fields": {"phone_number": "(402) 474-5017", "restaurant_bio": 25, "drive_thru": true, "notes": "", "delivery": false, "location": 21, "closing_time": "24 Hours Drive Thru & Lobby"}}, {"pk": 25, "model": "restaurants.restaurant", "fields": {"phone_number": "(402) 805-4173", "restaurant_bio": 24, "drive_thru": false, "notes": "", "delivery": false, "location": 22, "closing_time": ""}}, {"pk": 253, "model": "admin.logentry", "fields": {"action_flag": 3, "action_time": "2011-12-05 17:11:31", "object_repr": "Bar & Grill", "object_id": "4", "change_message": "", "user": 1, "content_type": 13}}, {"pk": 252, "model": "admin.logentry", "fields": {"action_flag": 1, "action_time": "2011-12-05 17:08:21", "object_repr": "Five Guys Burgers and Fries", "object_id": "25", "change_message": "", "user": 1, "content_type": 18}}, {"pk": 251, "model": "admin.logentry", "fields": {"action_flag": 1, "action_time": "2011-12-05 17:07:59", "object_repr": "McDonald's", "object_id": "24", "change_message": "", "user": 1, "content_type": 18}}, {"pk": 250, "model": "admin.logentry", "fields": {"action_flag": 1, "action_time": "2011-12-05 17:07:29", "object_repr": "Wendy's", "object_id": "23", "change_message": "", "user": 1, "content_type": 18}}, {"pk": 249, "model": "admin.logentry", "fields": {"action_flag": 1, "action_time": "2011-12-05 17:07:00", "object_repr": "Burger King", "object_id": "22", "change_message": "", "user": 1, "content_type": 18}}, {"pk": 248, "model": "admin.logentry", "fields": {"action_flag": 1, "action_time": "2011-12-05 17:06:32", "object_repr": "Little Caesar's Pizza", "object_id": "21", "change_message": "", "user": 1, "content_type": 18}}, {"pk": 247, "model": "admin.logentry", "fields": {"action_flag": 1, "action_time": "2011-12-05 17:06:13", "object_repr": "Papa John's Pizza", "object_id": "20", "change_message": "", "user": 1, "content_type": 18}}, {"pk": 246, "model": "admin.logentry", "fields": {"action_flag": 1, "action_time": "2011-12-05 17:05:50", "object_repr": "Ramos Pizza & More", "object_id": "19", "change_message": "", "user": 1, "content_type": 18}}, {"pk": 245, "model": "admin.logentry", "fields": {"action_flag": 1, "action_time": "2011-12-05 17:05:30", "object_repr": "Valentino's Pizza", "object_id": "18", "change_message": "", "user": 1, "content_type": 18}}, {"pk": 244, "model": "admin.logentry", "fields": {"action_flag": 1, "action_time": "2011-12-05 17:05:07", "object_repr": "Fazoli's", "object_id": "17", "change_message": "", "user": 1, "content_type": 18}}, {"pk": 243, "model": "admin.logentry", "fields": {"action_flag": 1, "action_time": "2011-12-05 17:04:56", "object_repr": "48th and Vine", "object_id": "23", "change_message": "", "user": 1, "content_type": 16}}, {"pk": 242, "model": "admin.logentry", "fields": {"action_flag": 1, "action_time": "2011-12-05 17:04:13", "object_repr": "Taco Bell", "object_id": "16", "change_message": "", "user": 1, "content_type": 18}}, {"pk": 241, "model": "admin.logentry", "fields": {"action_flag": 1, "action_time": "2011-12-05 17:03:50", "object_repr": "Taco John's", "object_id": "15", "change_message": "", "user": 1, "content_type": 18}}, {"pk": 240, "model": "admin.logentry", "fields": {"action_flag": 1, "action_time": "2011-12-05 17:03:34", "object_repr": "Taco Inn", "object_id": "14", "change_message": "", "user": 1, "content_type": 18}}, {"pk": 239, "model": "admin.logentry", "fields": {"action_flag": 1, "action_time": "2011-12-05 17:03:21", "object_repr": "D'Leon's", "object_id": "13", "change_message": "", "user": 1, "content_type": 18}}, {"pk": 238, "model": "admin.logentry", "fields": {"action_flag": 1, "action_time": "2011-12-05 17:02:53", "object_repr": "Mazatlan Mexican Restaurant", "object_id": "12", "change_message": "", "user": 1, "content_type": 18}}, {"pk": 237, "model": "admin.logentry", "fields": {"action_flag": 1, "action_time": "2011-12-05 17:02:27", "object_repr": "Starbucks", "object_id": "11", "change_message": "", "user": 1, "content_type": 18}}, {"pk": 236, "model": "admin.logentry", "fields": {"action_flag": 1, "action_time": "2011-12-05 17:01:39", "object_repr": "Lincoln Espresso", "object_id": "10", "change_message": "", "user": 1, "content_type": 18}}, {"pk": 235, "model": "admin.logentry", "fields": {"action_flag": 1, "action_time": "2011-12-05 17:01:09", "object_repr": "Juice Stop", "object_id": "9", "change_message": "", "user": 1, "content_type": 18}}, {"pk": 234, "model": "admin.logentry", "fields": {"action_flag": 1, "action_time": "2011-12-05 17:00:44", "object_repr": "Dairy Queen", "object_id": "8", "change_message": "", "user": 1, "content_type": 18}}, {"pk": 233, "model": "admin.logentry", "fields": {"action_flag": 1, "action_time": "2011-12-05 17:00:05", "object_repr": "Coldstone Creamery", "object_id": "7", "change_message": "", "user": 1, "content_type": 18}}, {"pk": 232, "model": "admin.logentry", "fields": {"action_flag": 1, "action_time": "2011-12-05 16:59:19", "object_repr": "China Inn", "object_id": "6", "change_message": "", "user": 1, "content_type": 18}}, {"pk": 231, "model": "admin.logentry", "fields": {"action_flag": 1, "action_time": "2011-12-05 16:58:38", "object_repr": "Hu Hot Mongolian Grill", "object_id": "5", "change_message": "", "user": 1, "content_type": 18}}, {"pk": 230, "model": "admin.logentry", "fields": {"action_flag": 1, "action_time": "2011-12-05 16:57:37", "object_repr": "Zhang's", "object_id": "4", "change_message": "", "user": 1, "content_type": 18}}, {"pk": 229, "model": "admin.logentry", "fields": {"action_flag": 1, "action_time": "2011-12-05 16:56:47", "object_repr": "Panda Express", "object_id": "3", "change_message": "", "user": 1, "content_type": 18}}, {"pk": 228, "model": "admin.logentry", "fields": {"action_flag": 1, "action_time": "2011-12-05 16:55:16", "object_repr": "McDonald's", "object_id": "25", "change_message": "", "user": 1, "content_type": 17}}, {"pk": 227, "model": "admin.logentry", "fields": {"action_flag": 1, "action_time": "2011-12-05 16:54:57", "object_repr": "Five Guys Burgers and Fries", "object_id": "24", "change_message": "", "user": 1, "content_type": 17}}, {"pk": 226, "model": "admin.logentry", "fields": {"action_flag": 1, "action_time": "2011-12-05 16:54:41", "object_repr": "Wendy's", "object_id": "23", "change_message": "", "user": 1, "content_type": 17}}, {"pk": 225, "model": "admin.logentry", "fields": {"action_flag": 1, "action_time": "2011-12-05 16:54:07", "object_repr": "Burger King", "object_id": "22", "change_message": "", "user": 1, "content_type": 17}}, {"pk": 224, "model": "admin.logentry", "fields": {"action_flag": 1, "action_time": "2011-12-05 16:53:40", "object_repr": "Little Caesar's Pizza", "object_id": "21", "change_message": "", "user": 1, "content_type": 17}}, {"pk": 223, "model": "admin.logentry", "fields": {"action_flag": 1, "action_time": "2011-12-05 16:53:14", "object_repr": "Papa John's Pizza", "object_id": "20", "change_message": "", "user": 1, "content_type": 17}}, {"pk": 222, "model": "admin.logentry", "fields": {"action_flag": 1, "action_time": "2011-12-05 16:52:54", "object_repr": "Ramos Pizza & More", "object_id": "19", "change_message": "", "user": 1, "content_type": 17}}, {"pk": 221, "model": "admin.logentry", "fields": {"action_flag": 1, "action_time": "2011-12-05 16:52:36", "object_repr": "Valentino's Pizza", "object_id": "18", "change_message": "", "user": 1, "content_type": 17}}, {"pk": 220, "model": "admin.logentry", "fields": {"action_flag": 1, "action_time": "2011-12-05 16:51:19", "object_repr": "Fazoli's", "object_id": "17", "change_message": "", "user": 1, "content_type": 17}}, {"pk": 219, "model": "admin.logentry", "fields": {"action_flag": 1, "action_time": "2011-12-05 16:50:42", "object_repr": "Taco Bell", "object_id": "16", "change_message": "", "user": 1, "content_type": 17}}, {"pk": 218, "model": "admin.logentry", "fields": {"action_flag": 1, "action_time": "2011-12-05 16:50:05", "object_repr": "Taco John's", "object_id": "15", "change_message": "", "user": 1, "content_type": 17}}, {"pk": 217, "model": "admin.logentry", "fields": {"action_flag": 1, "action_time": "2011-12-05 16:47:13", "object_repr": "Taco Inn", "object_id": "14", "change_message": "", "user": 1, "content_type": 17}}, {"pk": 216, "model": "admin.logentry", "fields": {"action_flag": 1, "action_time": "2011-12-05 16:46:48", "object_repr": "D'Leon's", "object_id": "13", "change_message": "", "user": 1, "content_type": 17}}, {"pk": 215, "model": "admin.logentry", "fields": {"action_flag": 1, "action_time": "2011-12-05 16:46:31", "object_repr": "Mazatlan Mexican Restaurant", "object_id": "12", "change_message": "", "user": 1, "content_type": 17}}, {"pk": 214, "model": "admin.logentry", "fields": {"action_flag": 1, "action_time": "2011-12-05 16:46:14", "object_repr": "Starbucks", "object_id": "11", "change_message": "", "user": 1, "content_type": 17}}, {"pk": 213, "model": "admin.logentry", "fields": {"action_flag": 1, "action_time": "2011-12-05 16:45:54", "object_repr": "Lincoln Espresso", "object_id": "10", "change_message": "", "user": 1, "content_type": 17}}, {"pk": 212, "model": "admin.logentry", "fields": {"action_flag": 1, "action_time": "2011-12-05 16:45:34", "object_repr": "Juice Stop", "object_id": "9", "change_message": "", "user": 1, "content_type": 17}}, {"pk": 211, "model": "admin.logentry", "fields": {"action_flag": 1, "action_time": "2011-12-05 16:45:13", "object_repr": "Dairy Queen", "object_id": "8", "change_message": "", "user": 1, "content_type": 17}}, {"pk": 210, "model": "admin.logentry", "fields": {"action_flag": 1, "action_time": "2011-12-05 16:44:39", "object_repr": "Coldstone Creamery", "object_id": "7", "change_message": "", "user": 1, "content_type": 17}}, {"pk": 209, "model": "admin.logentry", "fields": {"action_flag": 1, "action_time": "2011-12-05 16:44:16", "object_repr": "China Inn", "object_id": "6", "change_message": "", "user": 1, "content_type": 17}}, {"pk": 208, "model": "admin.logentry", "fields": {"action_flag": 1, "action_time": "2011-12-05 16:43:51", "object_repr": "Hu Hot Mongolian Grill", "object_id": "5", "change_message": "", "user": 1, "content_type": 17}}, {"pk": 207, "model": "admin.logentry", "fields": {"action_flag": 1, "action_time": "2011-12-05 16:43:32", "object_repr": "Zhang's", "object_id": "4", "change_message": "", "user": 1, "content_type": 17}}, {"pk": 206, "model": "admin.logentry", "fields": {"action_flag": 1, "action_time": "2011-12-05 16:42:37", "object_repr": "Panda Express", "object_id": "3", "change_message": "", "user": 1, "content_type": 17}}, {"pk": 205, "model": "admin.logentry", "fields": {"action_flag": 1, "action_time": "2011-12-05 16:39:43", "object_repr": "Five Guys Burgers and Fries", "object_id": "22", "change_message": "", "user": 1, "content_type": 16}}, {"pk": 204, "model": "admin.logentry", "fields": {"action_flag": 1, "action_time": "2011-12-05 16:38:42", "object_repr": "Five Guys Burgers and Fries", "object_id": "27", "change_message": "", "user": 1, "content_type": 11}}, {"pk": 203, "model": "admin.logentry", "fields": {"action_flag": 1, "action_time": "2011-12-05 16:38:18", "object_repr": "McDonald's", "object_id": "21", "change_message": "", "user": 1, "content_type": 16}}, {"pk": 202, "model": "admin.logentry", "fields": {"action_flag": 1, "action_time": "2011-12-05 16:37:28", "object_repr": "McDonald's", "object_id": "26", "change_message": "", "user": 1, "content_type": 11}}, {"pk": 201, "model": "admin.logentry", "fields": {"action_flag": 1, "action_time": "2011-12-05 16:37:18", "object_repr": "Wendy's", "object_id": "20", "change_message": "", "user": 1, "content_type": 16}}, {"pk": 200, "model": "admin.logentry", "fields": {"action_flag": 1, "action_time": "2011-12-05 16:36:02", "object_repr": "Wendy's", "object_id": "25", "change_message": "", "user": 1, "content_type": 11}}, {"pk": 199, "model": "admin.logentry", "fields": {"action_flag": 1, "action_time": "2011-12-05 16:35:54", "object_repr": "Burger King", "object_id": "19", "change_message": "", "user": 1, "content_type": 16}}, {"pk": 198, "model": "admin.logentry", "fields": {"action_flag": 1, "action_time": "2011-12-05 16:35:52", "object_repr": "Burger King", "object_id": "24", "change_message": "", "user": 1, "content_type": 11}}, {"pk": 197, "model": "admin.logentry", "fields": {"action_flag": 1, "action_time": "2011-12-05 16:34:16", "object_repr": "Little Caesar's Pizza", "object_id": "18", "change_message": "", "user": 1, "content_type": 16}}, {"pk": 196, "model": "admin.logentry", "fields": {"action_flag": 1, "action_time": "2011-12-05 16:32:47", "object_repr": "Little Caesar's Pizza", "object_id": "23", "change_message": "", "user": 1, "content_type": 11}}, {"pk": 195, "model": "admin.logentry", "fields": {"action_flag": 1, "action_time": "2011-12-05 16:32:07", "object_repr": "Papa John's Pizza", "object_id": "17", "change_message": "", "user": 1, "content_type": 16}}, {"pk": 194, "model": "admin.logentry", "fields": {"action_flag": 1, "action_time": "2011-12-05 16:32:05", "object_repr": "Papa John's Pizza", "object_id": "22", "change_message": "", "user": 1, "content_type": 11}}, {"pk": 193, "model": "admin.logentry", "fields": {"action_flag": 1, "action_time": "2011-12-05 16:30:50", "object_repr": "Ramos Pizza & More", "object_id": "16", "change_message": "", "user": 1, "content_type": 16}}, {"pk": 192, "model": "admin.logentry", "fields": {"action_flag": 1, "action_time": "2011-12-05 16:29:06", "object_repr": "Valentino's Pizza", "object_id": "15", "change_message": "", "user": 1, "content_type": 16}}, {"pk": 191, "model": "admin.logentry", "fields": {"action_flag": 1, "action_time": "2011-12-05 16:27:11", "object_repr": "Valentino's Pizza", "object_id": "21", "change_message": "", "user": 1, "content_type": 11}}, {"pk": 190, "model": "admin.logentry", "fields": {"action_flag": 1, "action_time": "2011-12-05 16:26:47", "object_repr": "Taco John's", "object_id": "20", "change_message": "", "user": 1, "content_type": 11}}, {"pk": 189, "model": "admin.logentry", "fields": {"action_flag": 1, "action_time": "2011-12-05 16:26:39", "object_repr": "Taco Inn", "object_id": "14", "change_message": "", "user": 1, "content_type": 16}}, {"pk": 188, "model": "admin.logentry", "fields": {"action_flag": 1, "action_time": "2011-12-05 16:25:04", "object_repr": "Taco Inn", "object_id": "19", "change_message": "", "user": 1, "content_type": 11}}, {"pk": 187, "model": "admin.logentry", "fields": {"action_flag": 1, "action_time": "2011-12-05 16:24:52", "object_repr": "D'Leon's Mexican Food", "object_id": "13", "change_message": "", "user": 1, "content_type": 16}}, {"pk": 186, "model": "admin.logentry", "fields": {"action_flag": 1, "action_time": "2011-12-05 16:21:26", "object_repr": "D'Leon's Mexican Food", "object_id": "18", "change_message": "", "user": 1, "content_type": 11}}, {"pk": 185, "model": "admin.logentry", "fields": {"action_flag": 1, "action_time": "2011-12-05 16:21:16", "object_repr": "Mazatlan Mexican Restaurant", "object_id": "12", "change_message": "", "user": 1, "content_type": 16}}, {"pk": 184, "model": "admin.logentry", "fields": {"action_flag": 1, "action_time": "2011-12-05 16:20:11", "object_repr": "Mazatlan Mexican Restaurant", "object_id": "17", "change_message": "", "user": 1, "content_type": 11}}, {"pk": 183, "model": "admin.logentry", "fields": {"action_flag": 1, "action_time": "2011-12-05 16:19:58", "object_repr": "Starbucks", "object_id": "11", "change_message": "", "user": 1, "content_type": 16}}, {"pk": 182, "model": "admin.logentry", "fields": {"action_flag": 1, "action_time": "2011-12-05 16:17:52", "object_repr": "Starbucks", "object_id": "16", "change_message": "", "user": 1, "content_type": 11}}, {"pk": 181, "model": "admin.logentry", "fields": {"action_flag": 1, "action_time": "2011-12-05 16:17:43", "object_repr": "Lincoln Espresso", "object_id": "10", "change_message": "", "user": 1, "content_type": 16}}, {"pk": 180, "model": "admin.logentry", "fields": {"action_flag": 1, "action_time": "2011-12-05 16:16:12", "object_repr": "Lincoln Espresso", "object_id": "15", "change_message": "", "user": 1, "content_type": 11}}, {"pk": 179, "model": "admin.logentry", "fields": {"action_flag": 1, "action_time": "2011-12-05 16:15:54", "object_repr": "Juice Stop", "object_id": "9", "change_message": "", "user": 1, "content_type": 16}}, {"pk": 178, "model": "admin.logentry", "fields": {"action_flag": 1, "action_time": "2011-12-05 16:15:44", "object_repr": "Juice Stop", "object_id": "14", "change_message": "", "user": 1, "content_type": 11}}, {"pk": 177, "model": "admin.logentry", "fields": {"action_flag": 2, "action_time": "2011-12-05 16:12:35", "object_repr": "Dairy Queen", "object_id": "8", "change_message": "Changed address and intersection.", "user": 1, "content_type": 16}}, {"pk": 176, "model": "admin.logentry", "fields": {"action_flag": 1, "action_time": "2011-12-05 16:11:03", "object_repr": "Dairy Queen", "object_id": "8", "change_message": "", "user": 1, "content_type": 16}}, {"pk": 175, "model": "admin.logentry", "fields": {"action_flag": 1, "action_time": "2011-12-05 16:10:00", "object_repr": "Dairy Queen", "object_id": "13", "change_message": "", "user": 1, "content_type": 11}}, {"pk": 174, "model": "admin.logentry", "fields": {"action_flag": 1, "action_time": "2011-12-05 16:09:12", "object_repr": "Southpointe Pavillions", "object_id": "7", "change_message": "", "user": 1, "content_type": 16}}, {"pk": 173, "model": "admin.logentry", "fields": {"action_flag": 1, "action_time": "2011-12-05 16:08:34", "object_repr": "Southpointe Pavillions", "object_id": "4", "change_message": "", "user": 1, "content_type": 10}}, {"pk": 172, "model": "admin.logentry", "fields": {"action_flag": 1, "action_time": "2011-12-05 16:08:14", "object_repr": "Southpointe Pavillions", "object_id": "12", "change_message": "", "user": 1, "content_type": 11}}, {"pk": 171, "model": "admin.logentry", "fields": {"action_flag": 2, "action_time": "2011-12-05 15:15:15", "object_repr": "27th and Cornhusker", "object_id": "6", "change_message": "Changed address.", "user": 1, "content_type": 16}}, {"pk": 170, "model": "admin.logentry", "fields": {"action_flag": 1, "action_time": "2011-12-05 15:14:57", "object_repr": "27th and Cornhusker", "object_id": "6", "change_message": "", "user": 1, "content_type": 16}}, {"pk": 169, "model": "admin.logentry", "fields": {"action_flag": 1, "action_time": "2011-12-05 15:14:03", "object_repr": "Hu Hot Mongolian Grill", "object_id": "5", "change_message": "", "user": 1, "content_type": 16}}, {"pk": 168, "model": "admin.logentry", "fields": {"action_flag": 1, "action_time": "2011-12-05 15:12:59", "object_repr": "Hu Hot Mongolian Grill", "object_id": "11", "change_message": "", "user": 1, "content_type": 11}}, {"pk": 167, "model": "admin.logentry", "fields": {"action_flag": 1, "action_time": "2011-12-05 15:12:42", "object_repr": "Zhang's", "object_id": "4", "change_message": "", "user": 1, "content_type": 16}}, {"pk": 166, "model": "admin.logentry", "fields": {"action_flag": 1, "action_time": "2011-12-05 15:11:39", "object_repr": "Westfield Gateway Mall", "object_id": "3", "change_message": "", "user": 1, "content_type": 16}}, {"pk": 165, "model": "admin.logentry", "fields": {"action_flag": 1, "action_time": "2011-12-05 15:10:02", "object_repr": "Westfield Gateway Mall", "object_id": "3", "change_message": "", "user": 1, "content_type": 10}}, {"pk": 164, "model": "admin.logentry", "fields": {"action_flag": 1, "action_time": "2011-12-05 15:09:07", "object_repr": "Quarter Pound Single", "object_id": "10", "change_message": "", "user": 1, "content_type": 15}}, {"pk": 163, "model": "admin.logentry", "fields": {"action_flag": 1, "action_time": "2011-12-05 15:08:28", "object_repr": "Spaghetti with Meat Sauce", "object_id": "9", "change_message": "", "user": 1, "content_type": 15}}, {"pk": 162, "model": "admin.logentry", "fields": {"action_flag": 1, "action_time": "2011-12-05 15:07:52", "object_repr": "Two Entree Plate", "object_id": "8", "change_message": "", "user": 1, "content_type": 15}}, {"pk": 161, "model": "admin.logentry", "fields": {"action_flag": 2, "action_time": "2011-12-05 14:54:07", "object_repr": "Ramos Pizza & More", "object_id": "9", "change_message": "Changed restaurant_name.", "user": 1, "content_type": 12}}, {"pk": 160, "model": "admin.logentry", "fields": {"action_flag": 2, "action_time": "2011-12-05 14:53:45", "object_repr": "Ramos Pizza & More", "object_id": "4", "change_message": "Changed location_name.", "user": 1, "content_type": 11}}, {"pk": 159, "model": "admin.logentry", "fields": {"action_flag": 1, "action_time": "2011-12-05 14:52:22", "object_repr": "Westfield Gateway Mall", "object_id": "10", "change_message": "", "user": 1, "content_type": 11}}, {"pk": 158, "model": "admin.logentry", "fields": {"action_flag": 1, "action_time": "2011-12-05 14:52:12", "object_repr": "Zhang's", "object_id": "9", "change_message": "", "user": 1, "content_type": 11}}, {"pk": 157, "model": "admin.logentry", "fields": {"action_flag": 1, "action_time": "2011-12-05 14:51:56", "object_repr": "27th and Cornhusker", "object_id": "8", "change_message": "", "user": 1, "content_type": 11}}, {"pk": 156, "model": "admin.logentry", "fields": {"action_flag": 1, "action_time": "2011-12-05 14:51:46", "object_repr": "Downtown Lincoln", "object_id": "7", "change_message": "", "user": 1, "content_type": 11}}, {"pk": 155, "model": "admin.logentry", "fields": {"action_flag": 1, "action_time": "2011-12-05 14:51:39", "object_repr": "48th and Vine", "object_id": "6", "change_message": "", "user": 1, "content_type": 11}}, {"pk": 154, "model": "admin.logentry", "fields": {"action_flag": 1, "action_time": "2011-12-05 14:51:32", "object_repr": "27th and Vine", "object_id": "5", "change_message": "", "user": 1, "content_type": 11}}, {"pk": 153, "model": "admin.logentry", "fields": {"action_flag": 1, "action_time": "2011-12-05 14:51:21", "object_repr": "Ramos Pizza and Pub", "object_id": "4", "change_message": "", "user": 1, "content_type": 11}}, {"pk": 152, "model": "admin.logentry", "fields": {"action_flag": 1, "action_time": "2011-12-05 14:50:33", "object_repr": "Large Pizza", "object_id": "7", "change_message": "", "user": 1, "content_type": 15}}, {"pk": 151, "model": "admin.logentry", "fields": {"action_flag": 1, "action_time": "2011-12-05 14:50:26", "object_repr": "Two Tacos, Potato Oles and a Drink", "object_id": "6", "change_message": "", "user": 1, "content_type": 15}}, {"pk": 150, "model": "admin.logentry", "fields": {"action_flag": 1, "action_time": "2011-12-05 14:50:09", "object_repr": "Two Tacos and a Drink", "object_id": "5", "change_message": "", "user": 1, "content_type": 15}}, {"pk": 149, "model": "admin.logentry", "fields": {"action_flag": 1, "action_time": "2011-12-05 14:49:44", "object_repr": "Whopper", "object_id": "4", "change_message": "", "user": 1, "content_type": 15}}, {"pk": 148, "model": "admin.logentry", "fields": {"action_flag": 1, "action_time": "2011-12-05 14:49:39", "object_repr": "Big Mac", "object_id": "3", "change_message": "", "user": 1, "content_type": 15}}, {"pk": 147, "model": "admin.logentry", "fields": {"action_flag": 3, "action_time": "2011-12-05 14:49:09", "object_repr": "Diner", "object_id": "6", "change_message": "", "user": 1, "content_type": 13}}, {"pk": 146, "model": "admin.logentry", "fields": {"action_flag": 1, "action_time": "2011-12-05 14:48:58", "object_repr": "Diner", "object_id": "6", "change_message": "", "user": 1, "content_type": 13}}, {"pk": 145, "model": "admin.logentry", "fields": {"action_flag": 1, "action_time": "2011-12-05 14:48:38", "object_repr": "Buffet", "object_id": "5", "change_message": "", "user": 1, "content_type": 13}}, {"pk": 144, "model": "admin.logentry", "fields": {"action_flag": 1, "action_time": "2011-12-05 14:48:33", "object_repr": "Bar & Grill", "object_id": "4", "change_message": "", "user": 1, "content_type": 13}}, {"pk": 143, "model": "admin.logentry", "fields": {"action_flag": 1, "action_time": "2011-12-05 14:47:40", "object_repr": "Panda Express", "object_id": "25", "change_message": "", "user": 1, "content_type": 12}}, {"pk": 142, "model": "admin.logentry", "fields": {"action_flag": 1, "action_time": "2011-12-05 14:47:10", "object_repr": "Zhang's", "object_id": "24", "change_message": "", "user": 1, "content_type": 12}}, {"pk": 141, "model": "admin.logentry", "fields": {"action_flag": 1, "action_time": "2011-12-05 14:47:00", "object_repr": "Hu Hot Mongolian Grill", "object_id": "23", "change_message": "", "user": 1, "content_type": 12}}, {"pk": 140, "model": "admin.logentry", "fields": {"action_flag": 1, "action_time": "2011-12-05 14:46:54", "object_repr": "China Inn", "object_id": "22", "change_message": "", "user": 1, "content_type": 12}}, {"pk": 139, "model": "admin.logentry", "fields": {"action_flag": 1, "action_time": "2011-12-05 14:46:43", "object_repr": "Coldstone Creamery", "object_id": "21", "change_message": "", "user": 1, "content_type": 12}}, {"pk": 138, "model": "admin.logentry", "fields": {"action_flag": 1, "action_time": "2011-12-05 14:45:51", "object_repr": "Dairy Queen", "object_id": "20", "change_message": "", "user": 1, "content_type": 12}}, {"pk": 137, "model": "admin.logentry", "fields": {"action_flag": 1, "action_time": "2011-12-05 14:45:47", "object_repr": "Juice Stop", "object_id": "19", "change_message": "", "user": 1, "content_type": 12}}, {"pk": 136, "model": "admin.logentry", "fields": {"action_flag": 1, "action_time": "2011-12-05 14:45:13", "object_repr": "Lincoln Espresso", "object_id": "18", "change_message": "", "user": 1, "content_type": 12}}, {"pk": 135, "model": "admin.logentry", "fields": {"action_flag": 1, "action_time": "2011-12-05 14:45:05", "object_repr": "Starbucks", "object_id": "17", "change_message": "", "user": 1, "content_type": 12}}, {"pk": 134, "model": "admin.logentry", "fields": {"action_flag": 1, "action_time": "2011-12-05 14:44:25", "object_repr": "Mazatlan Mexican Restaurant", "object_id": "16", "change_message": "", "user": 1, "content_type": 12}}, {"pk": 133, "model": "admin.logentry", "fields": {"action_flag": 1, "action_time": "2011-12-05 14:43:50", "object_repr": "D'Leon's", "object_id": "15", "change_message": "", "user": 1, "content_type": 12}}, {"pk": 132, "model": "admin.logentry", "fields": {"action_flag": 1, "action_time": "2011-12-05 14:43:42", "object_repr": "Taco Inn", "object_id": "14", "change_message": "", "user": 1, "content_type": 12}}, {"pk": 131, "model": "admin.logentry", "fields": {"action_flag": 1, "action_time": "2011-12-05 14:43:37", "object_repr": "Taco John's", "object_id": "13", "change_message": "", "user": 1, "content_type": 12}}, {"pk": 130, "model": "admin.logentry", "fields": {"action_flag": 1, "action_time": "2011-12-05 14:43:30", "object_repr": "Taco Bell", "object_id": "12", "change_message": "", "user": 1, "content_type": 12}}, {"pk": 129, "model": "admin.logentry", "fields": {"action_flag": 1, "action_time": "2011-12-05 14:42:15", "object_repr": "Fazoli's", "object_id": "11", "change_message": "", "user": 1, "content_type": 12}}, {"pk": 128, "model": "admin.logentry", "fields": {"action_flag": 1, "action_time": "2011-12-05 14:42:08", "object_repr": "Valentino's Pizza", "object_id": "10", "change_message": "", "user": 1, "content_type": 12}}, {"pk": 127, "model": "admin.logentry", "fields": {"action_flag": 1, "action_time": "2011-12-05 14:41:45", "object_repr": "Ramos Pizza and Pub", "object_id": "9", "change_message": "", "user": 1, "content_type": 12}}, {"pk": 126, "model": "admin.logentry", "fields": {"action_flag": 1, "action_time": "2011-12-05 14:41:25", "object_repr": "Papa John's Pizza", "object_id": "8", "change_message": "", "user": 1, "content_type": 12}}, {"pk": 125, "model": "admin.logentry", "fields": {"action_flag": 1, "action_time": "2011-12-05 14:41:17", "object_repr": "Little Caesar's Pizza", "object_id": "7", "change_message": "", "user": 1, "content_type": 12}}, {"pk": 124, "model": "admin.logentry", "fields": {"action_flag": 1, "action_time": "2011-12-05 14:40:53", "object_repr": "Burger King", "object_id": "6", "change_message": "", "user": 1, "content_type": 12}}, {"pk": 123, "model": "admin.logentry", "fields": {"action_flag": 1, "action_time": "2011-12-05 14:40:48", "object_repr": "Wendy's", "object_id": "5", "change_message": "", "user": 1, "content_type": 12}}, {"pk": 122, "model": "admin.logentry", "fields": {"action_flag": 1, "action_time": "2011-12-05 14:40:43", "object_repr": "Five Guys Burgers and Fries", "object_id": "4", "change_message": "", "user": 1, "content_type": 12}}, {"pk": 121, "model": "admin.logentry", "fields": {"action_flag": 1, "action_time": "2011-12-05 14:40:33", "object_repr": "McDonald's", "object_id": "3", "change_message": "", "user": 1, "content_type": 12}}, {"pk": 120, "model": "admin.logentry", "fields": {"action_flag": 2, "action_time": "2011-12-05 14:39:14", "object_repr": "Ming's House", "object_id": "2", "change_message": "No fields changed.", "user": 1, "content_type": 17}}, {"pk": 119, "model": "admin.logentry", "fields": {"action_flag": 2, "action_time": "2011-12-05 14:38:30", "object_repr": "Oriental", "object_id": "3", "change_message": "Changed style_of_food.", "user": 1, "content_type": 14}}, {"pk": 118, "model": "admin.logentry", "fields": {"action_flag": 1, "action_time": "2011-12-05 14:38:19", "object_repr": "Italian", "object_id": "6", "change_message": "", "user": 1, "content_type": 14}}, {"pk": 117, "model": "admin.logentry", "fields": {"action_flag": 1, "action_time": "2011-12-05 14:37:51", "object_repr": "Soft Drinks", "object_id": "5", "change_message": "", "user": 1, "content_type": 14}}, {"pk": 116, "model": "admin.logentry", "fields": {"action_flag": 1, "action_time": "2011-12-05 14:37:18", "object_repr": "Mexican", "object_id": "4", "change_message": "", "user": 1, "content_type": 14}}, {"pk": 115, "model": "admin.logentry", "fields": {"action_flag": 3, "action_time": "2011-12-05 14:36:50", "object_repr": "Mexican", "object_id": "4", "change_message": "", "user": 1, "content_type": 14}}, {"pk": 114, "model": "admin.logentry", "fields": {"action_flag": 3, "action_time": "2011-12-05 14:36:50", "object_repr": "Oriental", "object_id": "5", "change_message": "", "user": 1, "content_type": 14}}, {"pk": 113, "model": "admin.logentry", "fields": {"action_flag": 3, "action_time": "2011-12-05 14:36:49", "object_repr": "Sushi", "object_id": "6", "change_message": "", "user": 1, "content_type": 14}}, {"pk": 112, "model": "admin.logentry", "fields": {"action_flag": 3, "action_time": "2011-12-05 14:36:49", "object_repr": "General", "object_id": "7", "change_message": "", "user": 1, "content_type": 14}}, {"pk": 111, "model": "admin.logentry", "fields": {"action_flag": 3, "action_time": "2011-12-05 14:36:49", "object_repr": "American", "object_id": "8", "change_message": "", "user": 1, "content_type": 14}}, {"pk": 110, "model": "admin.logentry", "fields": {"action_flag": 3, "action_time": "2011-12-05 14:36:49", "object_repr": "Italian", "object_id": "9", "change_message": "", "user": 1, "content_type": 14}}, {"pk": 109, "model": "admin.logentry", "fields": {"action_flag": 3, "action_time": "2011-12-05 14:36:49", "object_repr": "Mediterranean", "object_id": "10", "change_message": "", "user": 1, "content_type": 14}}, {"pk": 108, "model": "admin.logentry", "fields": {"action_flag": 3, "action_time": "2011-12-05 14:36:49", "object_repr": "Greek", "object_id": "11", "change_message": "", "user": 1, "content_type": 14}}, {"pk": 107, "model": "admin.logentry", "fields": {"action_flag": 3, "action_time": "2011-12-05 14:36:49", "object_repr": "African", "object_id": "12", "change_message": "", "user": 1, "content_type": 14}}, {"pk": 106, "model": "admin.logentry", "fields": {"action_flag": 3, "action_time": "2011-12-05 14:36:49", "object_repr": "Fish and Chips", "object_id": "13", "change_message": "", "user": 1, "content_type": 14}}, {"pk": 105, "model": "admin.logentry", "fields": {"action_flag": 3, "action_time": "2011-12-05 14:36:49", "object_repr": "French", "object_id": "14", "change_message": "", "user": 1, "content_type": 14}}, {"pk": 104, "model": "admin.logentry", "fields": {"action_flag": 3, "action_time": "2011-12-05 14:36:49", "object_repr": "Seafood", "object_id": "15", "change_message": "", "user": 1, "content_type": 14}}, {"pk": 103, "model": "admin.logentry", "fields": {"action_flag": 3, "action_time": "2011-12-05 14:36:49", "object_repr": "Frozen Desserts", "object_id": "16", "change_message": "", "user": 1, "content_type": 14}}, {"pk": 102, "model": "admin.logentry", "fields": {"action_flag": 3, "action_time": "2011-12-05 14:36:19", "object_repr": "Cart/Stand", "object_id": "4", "change_message": "", "user": 1, "content_type": 13}}, {"pk": 101, "model": "admin.logentry", "fields": {"action_flag": 3, "action_time": "2011-12-05 14:36:19", "object_repr": "Diner", "object_id": "5", "change_message": "", "user": 1, "content_type": 13}}, {"pk": 100, "model": "admin.logentry", "fields": {"action_flag": 3, "action_time": "2011-12-05 14:36:18", "object_repr": "Upscale Restaurant", "object_id": "6", "change_message": "", "user": 1, "content_type": 13}}, {"pk": 99, "model": "admin.logentry", "fields": {"action_flag": 3, "action_time": "2011-12-05 14:36:18", "object_repr": "Family Dine-In Restaurant", "object_id": "7", "change_message": "", "user": 1, "content_type": 13}}, {"pk": 98, "model": "admin.logentry", "fields": {"action_flag": 3, "action_time": "2011-12-05 14:36:18", "object_repr": "Bar & Grill", "object_id": "8", "change_message": "", "user": 1, "content_type": 13}}, {"pk": 97, "model": "admin.logentry", "fields": {"action_flag": 3, "action_time": "2011-12-05 14:36:18", "object_repr": "Buffet", "object_id": "9", "change_message": "", "user": 1, "content_type": 13}}, {"pk": 96, "model": "admin.logentry", "fields": {"action_flag": 1, "action_time": "2011-11-29 19:09:34", "object_repr": "Frozen Desserts", "object_id": "16", "change_message": "", "user": 1, "content_type": 14}}, {"pk": 95, "model": "admin.logentry", "fields": {"action_flag": 1, "action_time": "2011-11-29 19:09:19", "object_repr": "Seafood", "object_id": "15", "change_message": "", "user": 1, "content_type": 14}}, {"pk": 94, "model": "admin.logentry", "fields": {"action_flag": 1, "action_time": "2011-11-29 19:09:03", "object_repr": "French", "object_id": "14", "change_message": "", "user": 1, "content_type": 14}}, {"pk": 93, "model": "admin.logentry", "fields": {"action_flag": 1, "action_time": "2011-11-29 19:08:57", "object_repr": "Fish and Chips", "object_id": "13", "change_message": "", "user": 1, "content_type": 14}}, {"pk": 92, "model": "admin.logentry", "fields": {"action_flag": 1, "action_time": "2011-11-29 19:08:28", "object_repr": "African", "object_id": "12", "change_message": "", "user": 1, "content_type": 14}}, {"pk": 91, "model": "admin.logentry", "fields": {"action_flag": 1, "action_time": "2011-11-29 19:08:23", "object_repr": "Greek", "object_id": "11", "change_message": "", "user": 1, "content_type": 14}}, {"pk": 90, "model": "admin.logentry", "fields": {"action_flag": 1, "action_time": "2011-11-29 19:08:18", "object_repr": "Mediterranean", "object_id": "10", "change_message": "", "user": 1, "content_type": 14}}, {"pk": 89, "model": "admin.logentry", "fields": {"action_flag": 1, "action_time": "2011-11-29 19:08:08", "object_repr": "Italian", "object_id": "9", "change_message": "", "user": 1, "content_type": 14}}, {"pk": 88, "model": "admin.logentry", "fields": {"action_flag": 1, "action_time": "2011-11-29 19:08:03", "object_repr": "American", "object_id": "8", "change_message": "", "user": 1, "content_type": 14}}, {"pk": 87, "model": "admin.logentry", "fields": {"action_flag": 1, "action_time": "2011-11-29 19:07:57", "object_repr": "General", "object_id": "7", "change_message": "", "user": 1, "content_type": 14}}, {"pk": 86, "model": "admin.logentry", "fields": {"action_flag": 1, "action_time": "2011-11-29 19:07:52", "object_repr": "Sushi", "object_id": "6", "change_message": "", "user": 1, "content_type": 14}}, {"pk": 85, "model": "admin.logentry", "fields": {"action_flag": 1, "action_time": "2011-11-29 19:07:46", "object_repr": "Oriental", "object_id": "5", "change_message": "", "user": 1, "content_type": 14}}, {"pk": 84, "model": "admin.logentry", "fields": {"action_flag": 1, "action_time": "2011-11-29 19:07:41", "object_repr": "Mexican", "object_id": "4", "change_message": "", "user": 1, "content_type": 14}}, {"pk": 83, "model": "admin.logentry", "fields": {"action_flag": 1, "action_time": "2011-11-29 19:07:16", "object_repr": "Buffet", "object_id": "9", "change_message": "", "user": 1, "content_type": 13}}, {"pk": 82, "model": "admin.logentry", "fields": {"action_flag": 1, "action_time": "2011-11-29 19:07:05", "object_repr": "Bar & Grill", "object_id": "8", "change_message": "", "user": 1, "content_type": 13}}, {"pk": 81, "model": "admin.logentry", "fields": {"action_flag": 1, "action_time": "2011-11-29 19:07:00", "object_repr": "Family Dine-In Restaurant", "object_id": "7", "change_message": "", "user": 1, "content_type": 13}}, {"pk": 80, "model": "admin.logentry", "fields": {"action_flag": 1, "action_time": "2011-11-29 19:06:45", "object_repr": "Upscale Restaurant", "object_id": "6", "change_message": "", "user": 1, "content_type": 13}}, {"pk": 79, "model": "admin.logentry", "fields": {"action_flag": 1, "action_time": "2011-11-29 19:06:38", "object_repr": "Diner", "object_id": "5", "change_message": "", "user": 1, "content_type": 13}}, {"pk": 78, "model": "admin.logentry", "fields": {"action_flag": 1, "action_time": "2011-11-29 19:06:32", "object_repr": "Cart/Stand", "object_id": "4", "change_message": "", "user": 1, "content_type": 13}}, {"pk": 77, "model": "admin.logentry", "fields": {"action_flag": 1, "action_time": "2011-11-29 19:05:08", "object_repr": "Wyoming", "object_id": "50", "change_message": "", "user": 1, "content_type": 9}}, {"pk": 76, "model": "admin.logentry", "fields": {"action_flag": 1, "action_time": "2011-11-29 19:05:02", "object_repr": "Wisconsin", "object_id": "49", "change_message": "", "user": 1, "content_type": 9}}, {"pk": 75, "model": "admin.logentry", "fields": {"action_flag": 1, "action_time": "2011-11-29 19:04:57", "object_repr": "West Virginia", "object_id": "48", "change_message": "", "user": 1, "content_type": 9}}, {"pk": 74, "model": "admin.logentry", "fields": {"action_flag": 1, "action_time": "2011-11-29 19:04:53", "object_repr": "Washington", "object_id": "47", "change_message": "", "user": 1, "content_type": 9}}, {"pk": 73, "model": "admin.logentry", "fields": {"action_flag": 1, "action_time": "2011-11-29 19:04:44", "object_repr": "Virginia", "object_id": "46", "change_message": "", "user": 1, "content_type": 9}}, {"pk": 72, "model": "admin.logentry", "fields": {"action_flag": 1, "action_time": "2011-11-29 19:04:40", "object_repr": "Vermont", "object_id": "45", "change_message": "", "user": 1, "content_type": 9}}, {"pk": 71, "model": "admin.logentry", "fields": {"action_flag": 1, "action_time": "2011-11-29 19:04:35", "object_repr": "Utah", "object_id": "44", "change_message": "", "user": 1, "content_type": 9}}, {"pk": 70, "model": "admin.logentry", "fields": {"action_flag": 1, "action_time": "2011-11-29 19:04:27", "object_repr": "Texas", "object_id": "43", "change_message": "", "user": 1, "content_type": 9}}, {"pk": 69, "model": "admin.logentry", "fields": {"action_flag": 1, "action_time": "2011-11-29 19:04:23", "object_repr": "Tennessee", "object_id": "42", "change_message": "", "user": 1, "content_type": 9}}, {"pk": 68, "model": "admin.logentry", "fields": {"action_flag": 1, "action_time": "2011-11-29 19:04:09", "object_repr": "South Dakota", "object_id": "41", "change_message": "", "user": 1, "content_type": 9}}, {"pk": 67, "model": "admin.logentry", "fields": {"action_flag": 1, "action_time": "2011-11-29 19:04:04", "object_repr": "South Carolina", "object_id": "40", "change_message": "", "user": 1, "content_type": 9}}, {"pk": 66, "model": "admin.logentry", "fields": {"action_flag": 1, "action_time": "2011-11-29 19:03:59", "object_repr": "Rhode Island", "object_id": "39", "change_message": "", "user": 1, "content_type": 9}}, {"pk": 65, "model": "admin.logentry", "fields": {"action_flag": 1, "action_time": "2011-11-29 19:03:49", "object_repr": "Pennsylvania", "object_id": "38", "change_message": "", "user": 1, "content_type": 9}}, {"pk": 64, "model": "admin.logentry", "fields": {"action_flag": 1, "action_time": "2011-11-29 19:03:44", "object_repr": "Oregon", "object_id": "37", "change_message": "", "user": 1, "content_type": 9}}, {"pk": 63, "model": "admin.logentry", "fields": {"action_flag": 1, "action_time": "2011-11-29 19:03:36", "object_repr": "Oklahoma", "object_id": "36", "change_message": "", "user": 1, "content_type": 9}}, {"pk": 62, "model": "admin.logentry", "fields": {"action_flag": 1, "action_time": "2011-11-29 19:03:32", "object_repr": "Ohio", "object_id": "35", "change_message": "", "user": 1, "content_type": 9}}, {"pk": 61, "model": "admin.logentry", "fields": {"action_flag": 1, "action_time": "2011-11-29 19:03:25", "object_repr": "North Dakota", "object_id": "34", "change_message": "", "user": 1, "content_type": 9}}, {"pk": 60, "model": "admin.logentry", "fields": {"action_flag": 1, "action_time": "2011-11-29 19:03:21", "object_repr": "North Carolina", "object_id": "33", "change_message": "", "user": 1, "content_type": 9}}, {"pk": 59, "model": "admin.logentry", "fields": {"action_flag": 1, "action_time": "2011-11-29 19:03:15", "object_repr": "New York", "object_id": "32", "change_message": "", "user": 1, "content_type": 9}}, {"pk": 58, "model": "admin.logentry", "fields": {"action_flag": 1, "action_time": "2011-11-29 19:03:10", "object_repr": "New Mexico", "object_id": "31", "change_message": "", "user": 1, "content_type": 9}}, {"pk": 57, "model": "admin.logentry", "fields": {"action_flag": 1, "action_time": "2011-11-29 19:02:59", "object_repr": "New Jersey", "object_id": "30", "change_message": "", "user": 1, "content_type": 9}}, {"pk": 56, "model": "admin.logentry", "fields": {"action_flag": 1, "action_time": "2011-11-29 19:02:54", "object_repr": "New Hampshire", "object_id": "29", "change_message": "", "user": 1, "content_type": 9}}, {"pk": 55, "model": "admin.logentry", "fields": {"action_flag": 1, "action_time": "2011-11-29 19:02:45", "object_repr": "Nevada", "object_id": "28", "change_message": "", "user": 1, "content_type": 9}}, {"pk": 54, "model": "admin.logentry", "fields": {"action_flag": 1, "action_time": "2011-11-29 19:02:41", "object_repr": "Montana", "object_id": "27", "change_message": "", "user": 1, "content_type": 9}}, {"pk": 53, "model": "admin.logentry", "fields": {"action_flag": 1, "action_time": "2011-11-29 19:02:33", "object_repr": "Missouri", "object_id": "26", "change_message": "", "user": 1, "content_type": 9}}, {"pk": 52, "model": "admin.logentry", "fields": {"action_flag": 1, "action_time": "2011-11-29 19:02:28", "object_repr": "Mississippi", "object_id": "25", "change_message": "", "user": 1, "content_type": 9}}, {"pk": 51, "model": "admin.logentry", "fields": {"action_flag": 1, "action_time": "2011-11-29 19:02:20", "object_repr": "Minnesota", "object_id": "24", "change_message": "", "user": 1, "content_type": 9}}, {"pk": 50, "model": "admin.logentry", "fields": {"action_flag": 1, "action_time": "2011-11-29 19:02:07", "object_repr": "Michigan", "object_id": "23", "change_message": "", "user": 1, "content_type": 9}}, {"pk": 49, "model": "admin.logentry", "fields": {"action_flag": 1, "action_time": "2011-11-29 19:01:49", "object_repr": "Massachusetts", "object_id": "22", "change_message": "", "user": 1, "content_type": 9}}, {"pk": 48, "model": "admin.logentry", "fields": {"action_flag": 1, "action_time": "2011-11-29 19:01:39", "object_repr": "Maryland", "object_id": "21", "change_message": "", "user": 1, "content_type": 9}}, {"pk": 47, "model": "admin.logentry", "fields": {"action_flag": 1, "action_time": "2011-11-29 19:01:32", "object_repr": "Maine", "object_id": "20", "change_message": "", "user": 1, "content_type": 9}}, {"pk": 46, "model": "admin.logentry", "fields": {"action_flag": 1, "action_time": "2011-11-29 19:01:28", "object_repr": "Louisiana", "object_id": "19", "change_message": "", "user": 1, "content_type": 9}}, {"pk": 45, "model": "admin.logentry", "fields": {"action_flag": 1, "action_time": "2011-11-29 19:01:23", "object_repr": "Kentucky", "object_id": "18", "change_message": "", "user": 1, "content_type": 9}}, {"pk": 44, "model": "admin.logentry", "fields": {"action_flag": 1, "action_time": "2011-11-29 19:01:14", "object_repr": "Kansas", "object_id": "17", "change_message": "", "user": 1, "content_type": 9}}, {"pk": 43, "model": "admin.logentry", "fields": {"action_flag": 1, "action_time": "2011-11-29 19:01:03", "object_repr": "Iowa", "object_id": "16", "change_message": "", "user": 1, "content_type": 9}}, {"pk": 42, "model": "admin.logentry", "fields": {"action_flag": 1, "action_time": "2011-11-29 19:01:00", "object_repr": "Indiana", "object_id": "15", "change_message": "", "user": 1, "content_type": 9}}, {"pk": 41, "model": "admin.logentry", "fields": {"action_flag": 1, "action_time": "2011-11-29 19:00:53", "object_repr": "Illinois", "object_id": "14", "change_message": "", "user": 1, "content_type": 9}}, {"pk": 40, "model": "admin.logentry", "fields": {"action_flag": 1, "action_time": "2011-11-29 19:00:48", "object_repr": "Idaho", "object_id": "13", "change_message": "", "user": 1, "content_type": 9}}, {"pk": 39, "model": "admin.logentry", "fields": {"action_flag": 1, "action_time": "2011-11-29 19:00:44", "object_repr": "Hawaii", "object_id": "12", "change_message": "", "user": 1, "content_type": 9}}, {"pk": 38, "model": "admin.logentry", "fields": {"action_flag": 1, "action_time": "2011-11-29 19:00:32", "object_repr": "Georgia", "object_id": "11", "change_message": "", "user": 1, "content_type": 9}}, {"pk": 37, "model": "admin.logentry", "fields": {"action_flag": 1, "action_time": "2011-11-29 19:00:27", "object_repr": "Florida", "object_id": "10", "change_message": "", "user": 1, "content_type": 9}}, {"pk": 36, "model": "admin.logentry", "fields": {"action_flag": 1, "action_time": "2011-11-29 19:00:23", "object_repr": "Delaware", "object_id": "9", "change_message": "", "user": 1, "content_type": 9}}, {"pk": 35, "model": "admin.logentry", "fields": {"action_flag": 1, "action_time": "2011-11-29 19:00:17", "object_repr": "Connecticut", "object_id": "8", "change_message": "", "user": 1, "content_type": 9}}, {"pk": 34, "model": "admin.logentry", "fields": {"action_flag": 1, "action_time": "2011-11-29 19:00:03", "object_repr": "Colorado", "object_id": "7", "change_message": "", "user": 1, "content_type": 9}}, {"pk": 33, "model": "admin.logentry", "fields": {"action_flag": 1, "action_time": "2011-11-29 18:59:59", "object_repr": "California", "object_id": "6", "change_message": "", "user": 1, "content_type": 9}}, {"pk": 32, "model": "admin.logentry", "fields": {"action_flag": 1, "action_time": "2011-11-29 18:59:46", "object_repr": "Arkansas", "object_id": "5", "change_message": "", "user": 1, "content_type": 9}}, {"pk": 31, "model": "admin.logentry", "fields": {"action_flag": 1, "action_time": "2011-11-29 18:59:38", "object_repr": "Arizona", "object_id": "4", "change_message": "", "user": 1, "content_type": 9}}, {"pk": 30, "model": "admin.logentry", "fields": {"action_flag": 1, "action_time": "2011-11-29 18:59:29", "object_repr": "Alaska", "object_id": "3", "change_message": "", "user": 1, "content_type": 9}}, {"pk": 29, "model": "admin.logentry", "fields": {"action_flag": 1, "action_time": "2011-11-29 18:59:24", "object_repr": "Alabama", "object_id": "2", "change_message": "", "user": 1, "content_type": 9}}, {"pk": 28, "model": "admin.logentry", "fields": {"action_flag": 2, "action_time": "2011-11-08 19:57:44", "object_repr": "Ming's House", "object_id": "2", "change_message": "Changed closing_time.", "user": 1, "content_type": 18}}, {"pk": 27, "model": "admin.logentry", "fields": {"action_flag": 1, "action_time": "2011-11-08 19:56:49", "object_repr": "Ming's House", "object_id": "2", "change_message": "", "user": 1, "content_type": 18}}, {"pk": 26, "model": "admin.logentry", "fields": {"action_flag": 1, "action_time": "2011-11-08 19:53:50", "object_repr": "Ming's House", "object_id": "2", "change_message": "", "user": 1, "content_type": 17}}, {"pk": 25, "model": "admin.logentry", "fields": {"action_flag": 1, "action_time": "2011-11-08 19:52:27", "object_repr": "Chinese", "object_id": "3", "change_message": "", "user": 1, "content_type": 14}}, {"pk": 24, "model": "admin.logentry", "fields": {"action_flag": 1, "action_time": "2011-11-08 19:52:07", "object_repr": "Carry-Out/Dine-In", "object_id": "3", "change_message": "", "user": 1, "content_type": 13}}, {"pk": 23, "model": "admin.logentry", "fields": {"action_flag": 2, "action_time": "2011-11-08 19:51:05", "object_repr": "Ming's House", "object_id": "2", "change_message": "Changed location_name.", "user": 1, "content_type": 16}}, {"pk": 22, "model": "admin.logentry", "fields": {"action_flag": 1, "action_time": "2011-11-08 19:51:01", "object_repr": "Ming's House", "object_id": "3", "change_message": "", "user": 1, "content_type": 11}}, {"pk": 21, "model": "admin.logentry", "fields": {"action_flag": 1, "action_time": "2011-11-08 19:50:29", "object_repr": "N/A", "object_id": "2", "change_message": "", "user": 1, "content_type": 16}}, {"pk": 20, "model": "admin.logentry", "fields": {"action_flag": 1, "action_time": "2011-11-08 19:49:59", "object_repr": "N/A", "object_id": "2", "change_message": "", "user": 1, "content_type": 10}}, {"pk": 19, "model": "admin.logentry", "fields": {"action_flag": 1, "action_time": "2011-11-08 19:49:47", "object_repr": "N/A", "object_id": "2", "change_message": "", "user": 1, "content_type": 14}}, {"pk": 18, "model": "admin.logentry", "fields": {"action_flag": 1, "action_time": "2011-11-08 19:49:34", "object_repr": "N/A", "object_id": "2", "change_message": "", "user": 1, "content_type": 13}}, {"pk": 17, "model": "admin.logentry", "fields": {"action_flag": 1, "action_time": "2011-11-08 19:49:21", "object_repr": "N/A", "object_id": "2", "change_message": "", "user": 1, "content_type": 15}}, {"pk": 16, "model": "admin.logentry", "fields": {"action_flag": 1, "action_time": "2011-11-08 19:49:06", "object_repr": "N/A", "object_id": "2", "change_message": "", "user": 1, "content_type": 11}}, {"pk": 15, "model": "admin.logentry", "fields": {"action_flag": 2, "action_time": "2011-11-08 19:46:15", "object_repr": "Ming's House", "object_id": "2", "change_message": "Changed restaurant_name.", "user": 1, "content_type": 12}}, {"pk": 14, "model": "admin.logentry", "fields": {"action_flag": 1, "action_time": "2011-11-08 19:44:45", "object_repr": "Ming's", "object_id": "2", "change_message": "", "user": 1, "content_type": 12}}, {"pk": 13, "model": "admin.logentry", "fields": {"action_flag": 1, "action_time": "2011-10-25 21:05:29", "object_repr": "Runza", "object_id": "1", "change_message": "", "user": 1, "content_type": 18}}, {"pk": 12, "model": "admin.logentry", "fields": {"action_flag": 1, "action_time": "2011-10-25 21:03:18", "object_repr": "UNL City Union", "object_id": "1", "change_message": "", "user": 1, "content_type": 16}}, {"pk": 11, "model": "admin.logentry", "fields": {"action_flag": 1, "action_time": "2011-10-25 21:02:41", "object_repr": "Runza", "object_id": "1", "change_message": "", "user": 1, "content_type": 17}}, {"pk": 10, "model": "admin.logentry", "fields": {"action_flag": 1, "action_time": "2011-10-25 21:02:18", "object_repr": "Burgers and Fries", "object_id": "1", "change_message": "", "user": 1, "content_type": 14}}, {"pk": 9, "model": "admin.logentry", "fields": {"action_flag": 1, "action_time": "2011-10-25 21:02:09", "object_repr": "Nebraska", "object_id": "1", "change_message": "", "user": 1, "content_type": 9}}, {"pk": 8, "model": "admin.logentry", "fields": {"action_flag": 1, "action_time": "2011-10-25 21:01:57", "object_repr": "Fast Food", "object_id": "1", "change_message": "", "user": 1, "content_type": 13}}, {"pk": 7, "model": "admin.logentry", "fields": {"action_flag": 1, "action_time": "2011-10-25 21:01:46", "object_repr": "Runza", "object_id": "1", "change_message": "", "user": 1, "content_type": 12}}, {"pk": 6, "model": "admin.logentry", "fields": {"action_flag": 1, "action_time": "2011-10-25 21:01:35", "object_repr": "Original Runza", "object_id": "1", "change_message": "", "user": 1, "content_type": 15}}, {"pk": 5, "model": "admin.logentry", "fields": {"action_flag": 2, "action_time": "2011-10-25 21:01:23", "object_repr": "UNL City Union", "object_id": "1", "change_message": "Changed building.", "user": 1, "content_type": 10}}, {"pk": 4, "model": "admin.logentry", "fields": {"action_flag": 2, "action_time": "2011-10-25 21:00:55", "object_repr": "UNL City Union", "object_id": "1", "change_message": "Changed location_name.", "user": 1, "content_type": 11}}, {"pk": 3, "model": "admin.logentry", "fields": {"action_flag": 1, "action_time": "2011-10-25 21:00:46", "object_repr": "UNL City Campus Union", "object_id": "1", "change_message": "", "user": 1, "content_type": 11}}, {"pk": 2, "model": "admin.logentry", "fields": {"action_flag": 1, "action_time": "2011-10-25 21:00:37", "object_repr": "Lincoln", "object_id": "1", "change_message": "", "user": 1, "content_type": 8}}, {"pk": 1, "model": "admin.logentry", "fields": {"action_flag": 1, "action_time": "2011-10-25 21:00:25", "object_repr": "UNL City Campus Union", "object_id": "1", "change_message": "", "user": 1, "content_type": 10}}, {"pk": 55, "model": "auth.permission", "fields": {"codename": "add_logentry", "name": "Can add log entry", "content_type": 19}}, {"pk": 56, "model": "auth.permission", "fields": {"codename": "change_logentry", "name": "Can change log entry", "content_type": 19}}, {"pk": 57, "model": "auth.permission", "fields": {"codename": "delete_logentry", "name": "Can delete log entry", "content_type": 19}}, {"pk": 4, "model": "auth.permission", "fields": {"codename": "add_group", "name": "Can add group", "content_type": 2}}, {"pk": 5, "model": "auth.permission", "fields": {"codename": "change_group", "name": "Can change group", "content_type": 2}}, {"pk": 6, "model": "auth.permission", "fields": {"codename": "delete_group", "name": "Can delete group", "content_type": 2}}, {"pk": 10, "model": "auth.permission", "fields": {"codename": "add_message", "name": "Can add message", "content_type": 4}}, {"pk": 11, "model": "auth.permission", "fields": {"codename": "change_message", "name": "Can change message", "content_type": 4}}, {"pk": 12, "model": "auth.permission", "fields": {"codename": "delete_message", "name": "Can delete message", "content_type": 4}}, {"pk": 1, "model": "auth.permission", "fields": {"codename": "add_permission", "name": "Can add permission", "content_type": 1}}, {"pk": 2, "model": "auth.permission", "fields": {"codename": "change_permission", "name": "Can change permission", "content_type": 1}}, {"pk": 3, "model": "auth.permission", "fields": {"codename": "delete_permission", "name": "Can delete permission", "content_type": 1}}, {"pk": 7, "model": "auth.permission", "fields": {"codename": "add_user", "name": "Can add user", "content_type": 3}}, {"pk": 8, "model": "auth.permission", "fields": {"codename": "change_user", "name": "Can change user", "content_type": 3}}, {"pk": 9, "model": "auth.permission", "fields": {"codename": "delete_user", "name": "Can delete user", "content_type": 3}}, {"pk": 13, "model": "auth.permission", "fields": {"codename": "add_contenttype", "name": "Can add content type", "content_type": 5}}, {"pk": 14, "model": "auth.permission", "fields": {"codename": "change_contenttype", "name": "Can change content type", "content_type": 5}}, {"pk": 15, "model": "auth.permission", "fields": {"codename": "delete_contenttype", "name": "Can delete content type", "content_type": 5}}, {"pk": 28, "model": "auth.permission", "fields": {"codename": "add_building", "name": "Can add building", "content_type": 10}}, {"pk": 29, "model": "auth.permission", "fields": {"codename": "change_building", "name": "Can change building", "content_type": 10}}, {"pk": 30, "model": "auth.permission", "fields": {"codename": "delete_building", "name": "Can delete building", "content_type": 10}}, {"pk": 22, "model": "auth.permission", "fields": {"codename": "add_city", "name": "Can add city", "content_type": 8}}, {"pk": 23, "model": "auth.permission", "fields": {"codename": "change_city", "name": "Can change city", "content_type": 8}}, {"pk": 24, "model": "auth.permission", "fields": {"codename": "delete_city", "name": "Can delete city", "content_type": 8}}, {"pk": 46, "model": "auth.permission", "fields": {"codename": "add_location", "name": "Can add location", "content_type": 16}}, {"pk": 47, "model": "auth.permission", "fields": {"codename": "change_location", "name": "Can change location", "content_type": 16}}, {"pk": 48, "model": "auth.permission", "fields": {"codename": "delete_location", "name": "Can delete location", "content_type": 16}}, {"pk": 31, "model": "auth.permission", "fields": {"codename": "add_location_name", "name": "Can add location_ name", "content_type": 11}}, {"pk": 32, "model": "auth.permission", "fields": {"codename": "change_location_name", "name": "Can change location_ name", "content_type": 11}}, {"pk": 33, "model": "auth.permission", "fields": {"codename": "delete_location_name", "name": "Can delete location_ name", "content_type": 11}}, {"pk": 43, "model": "auth.permission", "fields": {"codename": "add_main_combo", "name": "Can add main_ combo", "content_type": 15}}, {"pk": 44, "model": "auth.permission", "fields": {"codename": "change_main_combo", "name": "Can change main_ combo", "content_type": 15}}, {"pk": 45, "model": "auth.permission", "fields": {"codename": "delete_main_combo", "name": "Can delete main_ combo", "content_type": 15}}, {"pk": 52, "model": "auth.permission", "fields": {"codename": "add_restaurant", "name": "Can add restaurant", "content_type": 18}}, {"pk": 53, "model": "auth.permission", "fields": {"codename": "change_restaurant", "name": "Can change restaurant", "content_type": 18}}, {"pk": 54, "model": "auth.permission", "fields": {"codename": "delete_restaurant", "name": "Can delete restaurant", "content_type": 18}}, {"pk": 49, "model": "auth.permission", "fields": {"codename": "add_restaurant_bio", "name": "Can add restaurant_ bio", "content_type": 17}}, {"pk": 50, "model": "auth.permission", "fields": {"codename": "change_restaurant_bio", "name": "Can change restaurant_ bio", "content_type": 17}}, {"pk": 51, "model": "auth.permission", "fields": {"codename": "delete_restaurant_bio", "name": "Can delete restaurant_ bio", "content_type": 17}}, {"pk": 34, "model": "auth.permission", "fields": {"codename": "add_restaurant_name", "name": "Can add restaurant_ name", "content_type": 12}}, {"pk": 35, "model": "auth.permission", "fields": {"codename": "change_restaurant_name", "name": "Can change restaurant_ name", "content_type": 12}}, {"pk": 36, "model": "auth.permission", "fields": {"codename": "delete_restaurant_name", "name": "Can delete restaurant_ name", "content_type": 12}}, {"pk": 37, "model": "auth.permission", "fields": {"codename": "add_restaurant_type", "name": "Can add restaurant_ type", "content_type": 13}}, {"pk": 38, "model": "auth.permission", "fields": {"codename": "change_restaurant_type", "name": "Can change restaurant_ type", "content_type": 13}}, {"pk": 39, "model": "auth.permission", "fields": {"codename": "delete_restaurant_type", "name": "Can delete restaurant_ type", "content_type": 13}}, {"pk": 25, "model": "auth.permission", "fields": {"codename": "add_state", "name": "Can add state", "content_type": 9}}, {"pk": 26, "model": "auth.permission", "fields": {"codename": "change_state", "name": "Can change state", "content_type": 9}}, {"pk": 27, "model": "auth.permission", "fields": {"codename": "delete_state", "name": "Can delete state", "content_type": 9}}, {"pk": 40, "model": "auth.permission", "fields": {"codename": "add_style_of_food", "name": "Can add style_ of_ food", "content_type": 14}}, {"pk": 41, "model": "auth.permission", "fields": {"codename": "change_style_of_food", "name": "Can change style_ of_ food", "content_type": 14}}, {"pk": 42, "model": "auth.permission", "fields": {"codename": "delete_style_of_food", "name": "Can delete style_ of_ food", "content_type": 14}}, {"pk": 16, "model": "auth.permission", "fields": {"codename": "add_session", "name": "Can add session", "content_type": 6}}, {"pk": 17, "model": "auth.permission", "fields": {"codename": "change_session", "name": "Can change session", "content_type": 6}}, {"pk": 18, "model": "auth.permission", "fields": {"codename": "delete_session", "name": "Can delete session", "content_type": 6}}, {"pk": 19, "model": "auth.permission", "fields": {"codename": "add_site", "name": "Can add site", "content_type": 7}}, {"pk": 20, "model": "auth.permission", "fields": {"codename": "change_site", "name": "Can change site", "content_type": 7}}, {"pk": 21, "model": "auth.permission", "fields": {"codename": "delete_site", "name": "Can delete site", "content_type": 7}}, {"pk": 1, "model": "auth.user", "fields": {"username": "ChrisPeters", "first_name": "", "last_name": "", "is_active": true, "is_superuser": true, "is_staff": true, "last_login": "2011-12-05 14:34:15", "groups": [], "user_permissions": [], "password": "sha1$c5540$cee64843dd530a922b5bb972175353749bf67da0", "email": "ChrisPeters88@live.com", "date_joined": "2011-10-25 20:59:48"}}]
